First Name,Last Name,Street Number,Street,City,Province,Postal Code,Country,Phone Number,email Address,Date
William,Williams,219,Beech Street,Halifax,Alberta,L9R 0A0,Canada,1370499693,William@group.com,2018/5/25
Ethan,Jackson,486,Brigadier Court,Aurora,Nova Scotia,G3E 2K4,Canada,1136949750,Ethan@eye.com,2018/5/25
James,Brown,308,Bridges Street,Saint John,Alberta,B3V 2V1,Canada,924197967,James@right.com,2018/5/25
Jacob,Brown,132,Chain Rock Drive,Guelph,Prince Edward Island,N8A 0B3,Canada,702952398,Jacob@Mr.com,2018/5/25
Mason,Jackson,86,Brook Street,Regina,Newfoundland and Labrador,H0H 3C9,Canada,342394747,Mason@country.com,2018/5/25
William,Taylor,42,Chelton Woods Lane,Victoria,Northwest Territories,J0N 0Z3,Canada,1175976733,William@Mr.com,2018/5/25
Alexander,Anderson,251,Bliss Street,Blainville,Northwest Territories,G3H 0B4,Canada,1397431214,Alexander@people.com,2018/5/25
Ethan,Miller,389,Broadholme Lane,Guelph,Alberta,N8H 2H6,Canada,823376400,Ethan@mother.com,2018/5/25
William,Johnson,470,Argyle Street,Longueuil,Prince Edward Island,N8H 2H6,Canada,550278142,William@story.com,2018/5/25
Ethan,Williams,226,Armada Drive,Medicine Hat,Northwest Territories,B3V 2V1,Canada,830581024,Ethan@right.com,2018/5/25
William,Jones,222,Bayers Road,Laval,Yukon,J1S 0R4,Canada,261739193,William@life.com,2018/5/25
Alexander,Johnson,275,Cambridge Street,Saint-Jean-sur-Richelieu,Newfoundland and Labrador,L4A 0T0,Canada,1328401457,Alexander@program.com,2018/5/25
Liam,Wilson,206,Bedros Lane,Medicine Hat,Alberta,H9S 1R4,Canada,765062105,Liam@world.com,2018/5/25
Ethan,Brown,417,Armdale Rotary,Granby,Newfoundland and Labrador,G0H 2P3,Canada,1194118344,Ethan@null,2018/5/25
Alexander,Taylor,26,Armview Avenue,Milton,New Brunswick,K1B 3B2,Canada,890878056,Alexander@mother.com,2018/5/25
James,Jackson,171,Bromley Road,Grande Prairie,Quebec,E5V 3X5,Canada,316667234,James@state.com,2018/5/25
Jacob,Thomas,391,Chartwell Lane,Strathcona County,Newfoundland and Labrador,T1L 2H8,Canada,925234267,Jacob@country.com,2018/5/25
William,Jackson,214,Blue Jay Street,Saguenay,New Brunswick,J0J 3V6,Canada,915439638,William@hand.com,2018/5/25
Alexander,Williams,223,Bayne Street,Saint-JÃ©rÃ´me,Manitoba,V8B 1P6,Canada,569546455,Alexander@case.com,2018/5/25
Liam,Miller,175,Birchwood Drive,Burlington,Prince Edward Island,N8H 2H6,Canada,1360838421,Liam@group.com,2018/5/25
Liam,Taylor,83,Battery 18th Road,North Bay,Nunavut,B2E 0X4,Canada,164502732,Liam@Mr.com,2018/5/25
Alexander,Jones,167,Carrington Place,Newmarket,Alberta,E4M 2G2,Canada,345818519,Alexander@program.com,2018/5/25
Ethan,Johnson,361,Brodick Lane,Prince George,Newfoundland and Labrador,N8A 0B3,Canada,492550621,Ethan@day.com,2018/5/25
Liam,Jackson,27,Aldergrove Drive,Regina,Quebec,J0N 0Z3,Canada,861947537,Liam@life.com,2018/5/25
Alexander,Thomas,21,Birchview Drive,Belleville,Nunavut,E7E 3T7,Canada,1329665811,Alexander@month.com,2018/5/25
Alexander,Thomas,381,Clinton Avenue,Coquitlam,Northwest Territories,J9P 1C6,Canada,929488802,Alexander@Mr.com,2018/5/25
Ethan,Brown,487,Caitland Court,Halifax,Prince Edward Island,H0H 3C9,Canada,919745120,Ethan@life.com,2018/5/25
James,Moore,24,Benjamin Green Drive,Gatineau,Nova Scotia,N8H 2H6,Canada,196715451,James@question.com,2018/5/25
James,Anderson,332,Burgee Run,Winnipeg,Manitoba,"B0T 0Y5 ",Canada,1090016190,James@people.com,2018/5/25
William,Moore,167,Bedford Windsor Ramp,Victoria,Yukon,E7E 3T7,Canada,1379545519,William@eye.com,2018/5/25
James,Anderson,230,Clovis Avenue,Brossard,Prince Edward Island,L3V 1Y8,Canada,112554706,James@fact.com,2018/5/25
Ethan,Taylor,464,Cherry Lane,Delta,Prince Edward Island,N8A 0B3,Canada,148057823,Ethan@month.com,2018/5/25
William,Davis,108,Blink Bonnie Terrace,New Westminster,Yukon,N8H 2H6,Canada,316150639,William@family.com,2018/5/25
Liam,Jackson,354,Alma Crescent,Kitchener,Newfoundland and Labrador,N8A 0B3,Canada,861895116,Liam@company.com,2018/5/25
Liam,Davis,185,Blink Bonnie Terrace,Wood Buffalo,British Columbia,N8A 0B3,Canada,821495552,Liam@time.com,2018/5/25
Jacob,Jones,302,Battery 18th Road,Chatham-Kent,Yukon,"B0T 0Y5 ",Canada,340608796,Jacob@Mr.com,2018/5/25
Ethan,Jackson,458,Braeside Lane,Saint-Jean-sur-Richelieu,Prince Edward Island,H0H 3C9,Canada,114310481,Ethan@school.com,2018/5/25
Liam,Thomas,486,Altavista Lane,Burlington,Nova Scotia,L0N 3J2,Canada,594788211,Liam@country.com,2018/5/25
Alexander,Miller,49,Castine Way,Saint-Hyacinthe,Northwest Territories,H9S 1R4,Canada,708272095,Alexander@place.com,2018/5/25
Ethan,Johnson,456,Abrams Way,Welland,Alberta,E7E 3T7,Canada,274557674,Ethan@thing.com,2018/5/25
James,Miller,143,Athlone Avenue,Ajax,Northwest Territories,J1S 0R4,Canada,1003768959,James@book.com,2018/5/25
Ethan,Johnson,434,Bloomingdale Terrace,Newmarket,Yukon,"L4A 0T3 ",Canada,887375732,Ethan@government.com,2018/5/25
Alexander,Anderson,270,Birchview Drive,Lethbridge,Saskatchewan,B3V 2V1,Canada,286026822,Alexander@case.com,2018/5/25
Liam,Anderson,303,Braeside Lane,Langley,Nunavut,H9S 1R4,Canada,797932602,Liam@country.com,2018/5/25
Ethan,Jackson,332,Cherry Lane,Lethbridge,Northwest Territories,B2E 0X4,Canada,101416068,Ethan@man.com,2018/5/25
William,Brown,380,Castlepark Grove,Caledon,British Columbia,J1S 0R4,Canada,1277853297,William@thing.com,2018/5/25
James,Williams,447,Atlantic Street,Blainville,Prince Edward Island,J0N 0Z3,Canada,670751850,James@book.com,2018/5/25
Jacob,Jones,48,Cardiff Place,Nanaimo,British Columbia,"V1K 1V0 ",Canada,1281353335,Jacob@time.com,2018/5/25
William,Jones,281,Brook Street,Grande Prairie,Nunavut,L4A 0T0,Canada,915531207,William@world.com,2018/5/25
James,Miller,265,Albert Place,Coquitlam,Nunavut,E5V 3X5,Canada,333382913,James@day.com,2018/5/25
Alexander,Thomas,333,Berkshire Close,Surrey,Northwest Territories,"B0T 0Y5 ",Canada,1173567604,Alexander@money.com,2018/5/25
Mason,Thomas,38,Charles Street,Trois-RiviÃ¨res,Quebec,T1L 2H8,Canada,229045495,Mason@problem.com,2018/5/25
Jacob,Wilson,74,Bilton Lane,Brantford,Nova Scotia,J1S 0R4,Canada,881045303,Jacob@country.com,2018/5/25
Alexander,Moore,343,Bellevue Avenue,Coquitlam,Prince Edward Island,G6X 2L1,Canada,1025076714,Alexander@day.com,2018/5/25
Jacob,Jackson,348,Berkshire Close,Fredericton,Alberta,G3E 2K4,Canada,361491359,Jacob@work.com,2018/5/25
William,Miller,229,Buddy Daye Street,Airdrie,Prince Edward Island,B2E 0X4,Canada,1210791310,William@mother.com,2018/5/25
James,Jones,248,Armview Terrace,North Vancouver,Yukon,J0J 3V6,Canada,1379559922,James@number.com,2018/5/25
Ethan,Davis,180,Chestnut Street,Brantford,Manitoba,B2E 0X4,Canada,362736880,Ethan@hand.com,2018/5/25
Ethan,Wilson,280,Apollo Court,Calgary,Manitoba,J9T 3H4,Canada,746825263,Ethan@point.com,2018/5/25
William,Jones,307,Camelot Lane,Thunder Bay,Newfoundland and Labrador,J9T 3H4,Canada,858438918,William@state.com,2018/5/25
William,Davis,267,Aikens Avenue,Aurora,British Columbia,B2E 0X4,Canada,115931557,William@program.com,2018/5/25
William,Miller,126,Castine Way,Milton,Prince Edward Island,L9R 0A0,Canada,681149660,William@life.com,2018/5/25
Jacob,Jones,309,Beaufort Avenue,Guelph,Nunavut,J0N 0Z3,Canada,759209247,Jacob@eye.com,2018/5/25
James,Moore,79,Bethany Way,Norfolk County,Nunavut,E7E 3T7,Canada,301509152,James@week.com,2018/5/25
Mason,Jones,256,Brighton Avenue,Abbotsford,Prince Edward Island,J0J 3V6,Canada,500504008,Mason@night.com,2018/5/25
William,Brown,112,Brighton Avenue,Sarnia,Manitoba,"V1K 1V0 ",Canada,1182725773,William@time.com,2018/5/25
Ethan,Miller,343,Chester Avenue,Langley,Prince Edward Island,J0N 0Z3,Canada,985335477,Ethan@job.com,2018/5/25
William,Davis,417,Artz Street,Lethbridge,Northwest Territories,J9P 1C6,Canada,417678001,William@part.com,2018/5/25
William,Wilson,165,Ardwell Avenue,Repentigny,Nunavut,N8A 0B3,Canada,107232607,William@water.com,2018/5/25
Ethan,Wilson,383,Bond Street,Port Coquitlam,Prince Edward Island,L9R 0A0,Canada,465099468,Ethan@number.com,2018/5/25
Ethan,Wilson,447,Bauer Street,Cape Breton,Newfoundland and Labrador,B2E 0X4,Canada,1085452063,Ethan@people.com,2018/5/25
Jacob,Moore,324,Bonaventure Drive,Cape Breton,Quebec,N8A 0B3,Canada,865397362,Jacob@life.com,2018/5/25
Jacob,Jackson,302,Albion Road,Lethbridge,Nunavut,J0J 3V6,Canada,201297164,Jacob@null,2018/5/25
Mason,Williams,55,Chestnut Street,Kitchener,New Brunswick,H3J 3P2,Canada,1329543842,Mason@eye.com,2018/5/25
James,Miller,89,Alm-c Ramp,Brantford,Northwest Territories,"L4A 0T3 ",Canada,1307390625,James@people.com,2018/5/25
Alexander,Jones,427,Balcomes Drive,Victoria,Nunavut,J1S 0R4,Canada,563411251,Alexander@week.com,2018/5/25
Alexander,Davis,257,Charles Street,Port Coquitlam,Manitoba,L9R 0A0,Canada,489396340,Alexander@home.com,2018/5/25
Ethan,Jones,486,Birch Cove Lane,Newmarket,Northwest Territories,L4A 0T0,Canada,565095634,Ethan@room.com,2018/5/25
William,Johnson,458,Balmoral Road,Whitby,Nunavut,B3V 2V1,Canada,628465043,William@job.com,2018/5/25
Jacob,Wilson,306,Aikens Avenue,St. Catharines,Saskatchewan,L4A 0T0,Canada,641661630,Jacob@right.com,2018/5/25
James,Jones,378,Cedar Street,Edmonton,Prince Edward Island,V8B 1P6,Canada,1225506191,James@country.com,2018/5/25
Mason,Thomas,477,Buffers Lane,Chatham-Kent,Nova Scotia,E4S 3C4,Canada,817248629,Mason@case.com,2018/5/25
Alexander,Anderson,387,Bower Road,Airdrie,Yukon,B3V 2V1,Canada,133871951,Alexander@day.com,2018/5/25
Ethan,Jones,167,Atlantic Street,Edmonton,Prince Edward Island,V8B 1P6,Canada,830557410,Ethan@system.com,2018/5/25
Liam,Thomas,208,Ballantrae Lane,St. Albert,Alberta,L3V 1Y8,Canada,1091761563,Liam@part.com,2018/5/25
James,Davis,242,Binney Street,Saanich,Northwest Territories,V8B 1P6,Canada,1008775715,James@night.com,2018/5/25
William,Jones,26,Caitland Court,Repentigny,Manitoba,V8B 1P6,Canada,824800394,William@year.com,2018/5/25
William,Williams,218,Armcrescent West Avenue,Blainville,Prince Edward Island,L0N 3J2,Canada,347020443,William@place.com,2018/5/25
James,Taylor,325,Cavendish Road,LÃ©vis,Manitoba,N8A 0B3,Canada,955310492,James@world.com,2018/5/25
Liam,Moore,45,Acorn Road,Kawartha Lakes,Manitoba,H3J 3P2,Canada,1265258253,Liam@time.com,2018/5/25
Jacob,Jones,170,Alm-d Ramp,Red Deer,Prince Edward Island,L0N 3J2,Canada,555949203,Jacob@night.com,2018/5/25
Ethan,Moore,112,Carrington Place,Ajax,Nunavut,J0N 0Z3,Canada,888043212,Ethan@people.com,2018/5/25
Ethan,Johnson,148,Chelsea Lane,Saint John,Saskatchewan,J0J 3V6,Canada,873999452,Ethan@word.com,2018/5/25
Alexander,Johnson,112,Brockhurst Close,Richmond,Nova Scotia,G3E 2K4,Canada,821472269,Alexander@job.com,2018/5/25
James,Williams,201,Cloverdale Road,Newmarket,Nova Scotia,B2E 0X4,Canada,1342563889,James@hand.com,2018/5/25
William,Wilson,32,Beachstone Drive,Mirabel,Northwest Territories,N8H 2H6,Canada,1167320877,William@world.com,2018/5/25
James,Miller,123,Bilton Lane,Maple Ridge,New Brunswick,N8A 0B3,Canada,1239020271,James@system.com,2018/5/25
Alexander,Jones,279,Altavista Lane,Sherbrooke,New Brunswick,V8B 1P6,Canada,547946246,Alexander@study.com,2018/5/25
Jacob,Jones,408,Aikenhead Road,Sault Ste. Marie,New Brunswick,"B0T 0Y5 ",Canada,1357075261,Jacob@case.com,2018/5/25
James,Jones,234,Brenton Street,Pickering,Alberta,E4S 3C4,Canada,466566610,James@family.com,2018/5/25
Ethan,Brown,209,Adams Avenue,Saint-JÃ©rÃ´me,Alberta,E5V 3X5,Canada,614513070,Ethan@word.com,2018/5/25
Liam,Anderson,185,Beresford Road,Delta,Newfoundland and Labrador,N4N 0B9,Canada,1393952706,Liam@case.com,2018/5/25
Ethan,Williams,200,Birmingham Street,Vancouver,Nunavut,E4M 2G2,Canada,1182535886,Ethan@company.com,2018/5/25
Mason,Wilson,87,Birmingham Street,Moncton,Northwest Territories,E7E 3T7,Canada,762140203,Mason@year.com,2018/5/25
Liam,Wilson,354,Bridget Avenue,Calgary,Northwest Territories,N5C 2J8,Canada,825680122,Liam@study.com,2018/5/25
Ethan,Thomas,490,Claremont Street,Mississauga,Manitoba,J9T 3H4,Canada,126236826,Ethan@year.com,2018/5/25
Jacob,Johnson,294,Angus L Macdonald Bridge,Kelowna,New Brunswick,H3J 3P2,Canada,665387031,Jacob@year.com,2018/5/25
Alexander,Johnson,496,Birch Cove Lane,Quebec City,Nova Scotia,N8H 2H6,Canada,1179165792,Alexander@month.com,2018/5/25
Liam,Jones,371,Camelot Lane,Airdrie,Alberta,"V1K 1V0 ",Canada,1035711447,Liam@point.com,2018/5/25
James,Moore,481,Alm-a Ramp,St. Catharines,Northwest Territories,"V1K 1V0 ",Canada,240635381,James@work.com,2018/5/25
Ethan,Moore,147,Botany Terrace,Strathcona County,Prince Edward Island,L4A 0T0,Canada,394014360,Ethan@student.com,2018/5/25
Mason,Jones,267,Bliss Street,Brampton,Nunavut,"B0T 0Y5 ",Canada,915447506,Mason@room.com,2018/5/25
Alexander,Wilson,130,Armoury Place,New Westminster,Manitoba,"B0T 0Y5 ",Canada,156930236,Alexander@book.com,2018/5/25
William,Thomas,326,Arvida Avenue,Oshawa,Newfoundland and Labrador,G6X 2L1,Canada,1139614912,William@case.com,2018/5/25
James,Williams,72,Clovis Avenue,Edmonton,Prince Edward Island,H0H 3C9,Canada,1405983597,James@Mr.com,2018/5/25
Mason,Miller,371,Chain Lake Drive,Airdrie,Quebec,H9S 1R4,Canada,616999954,Mason@week.com,2018/5/25
Ethan,Wilson,338,Blowers Street,Longueuil,Alberta,V8C 0S2,Canada,203677336,Ethan@part.com,2018/5/25
Jacob,Jackson,225,Bloomingdale Terrace,Kawartha Lakes,Nunavut,"B0T 0Y5 ",Canada,1275675257,Jacob@world.com,2018/5/25
William,Thomas,388,Armshore Drive,Surrey,Nunavut,"B0T 0Y5 ",Canada,1330161334,William@part.com,2018/5/25
Alexander,Wilson,490,Bayne St Ramp,Lethbridge,Northwest Territories,"L4A 0T3 ",Canada,115493234,Alexander@business.com,2018/5/25
Ethan,Brown,397,Alm-a Ramp,Quebec City,Northwest Territories,"V1K 1V0 ",Canada,223339081,Ethan@problem.com,2018/5/25
Alexander,Davis,97,Annandale Street,Richmond Hill,Nunavut,"L4A 0T3 ",Canada,219340889,Alexander@word.com,2018/5/25
William,Jackson,213,Bloomfield Street,Clarington,Prince Edward Island,L3V 1Y8,Canada,573652024,William@week.com,2018/5/25
James,Miller,81,Alumni Crescent,LÃ©vis,Yukon,N5C 2J8,Canada,214240719,James@book.com,2018/5/25
James,Wilson,175,Chestnut Street,Regina,Nunavut,L0N 3J2,Canada,445294255,James@water.com,2018/5/25
James,Miller,28,Bronson Avenue,Ajax,Prince Edward Island,E4S 3C4,Canada,242633672,James@time.com,2018/5/25
James,Johnson,212,Annandale Street,Maple Ridge,Alberta,G3H 0B4,Canada,984891325,James@world.com,2018/5/25
William,Wilson,111,Castlepark Grove,Greater Sudbury,Alberta,"L4A 0T3 ",Canada,949383022,William@family.com,2018/5/25
William,Anderson,177,Blink Bonnie Terrace,LÃ©vis,Prince Edward Island,E5V 3X5,Canada,367191371,William@program.com,2018/5/25
Mason,Johnson,90,Battery 18th Road,St. Catharines,Newfoundland and Labrador,E5V 3X5,Canada,1348561713,Mason@world.com,2018/5/25
Liam,Moore,22,Agricola Street,Burlington,Prince Edward Island,J9T 3H4,Canada,204281479,Liam@student.com,2018/5/25
Jacob,Davis,42,Alderwood Drive,Halton Hills,Nunavut,V8B 1P6,Canada,527369253,Jacob@job.com,2018/5/25
Ethan,Jones,46,Beechwood Terrace,Calgary,Nova Scotia,L4A 0T0,Canada,706032740,Ethan@country.com,2018/5/25
Mason,Moore,287,Armoury Place,Blainville,Yukon,G0H 2P3,Canada,1067614382,Mason@story.com,2018/5/25
Mason,Williams,352,Albemarle Street,North Vancouver,Quebec,E4S 3C4,Canada,447301194,Mason@Mr.com,2018/5/25
Alexander,Jones,244,Bryden Avenue,Red Deer,Saskatchewan,J9T 3H4,Canada,1367013059,Alexander@job.com,2018/5/25
Ethan,Thomas,495,Cartaret Street,London,Saskatchewan,J9T 3H4,Canada,770353880,Ethan@room.com,2018/5/25
Ethan,Williams,244,Ash Lake Court,Saint-JÃ©rÃ´me,Newfoundland and Labrador,N4N 0B9,Canada,558867401,Ethan@eye.com,2018/5/25
James,Taylor,246,Arlington Avenue,Belleville,Prince Edward Island,E5V 3X5,Canada,474250060,James@program.com,2018/5/25
Jacob,Taylor,258,Blue Jay Street,St. John's,Alberta,J1S 0R4,Canada,271206223,Jacob@life.com,2018/5/25
James,Jones,391,Beechwood Terrace,North Bay,Prince Edward Island,G3E 2K4,Canada,971134534,James@right.com,2018/5/25
James,Anderson,175,Armstrong Court,St. Catharines,Prince Edward Island,E4M 2G2,Canada,1195558824,James@right.com,2018/5/25
Alexander,Jones,372,Aikens Avenue,Maple Ridge,Manitoba,H9S 1R4,Canada,504917228,Alexander@question.com,2018/5/25
Ethan,Johnson,363,Alex Street,Regina,Alberta,G0H 2P3,Canada,266245776,Ethan@part.com,2018/5/25
Mason,Wilson,41,Albert Place,Oshawa,Manitoba,E7E 3T7,Canada,320145569,Mason@time.com,2018/5/25
Liam,Wilson,173,Acadia Street,Oakville,Newfoundland and Labrador,J9P 1C6,Canada,923859903,Liam@money.com,2018/5/25
Ethan,Davis,391,Binney Street,Windsor,Prince Edward Island,"L4A 0T3 ",Canada,1007761244,Ethan@book.com,2018/5/25
William,Davis,156,Albert Walker Drive,Pickering,Nova Scotia,H3J 3P2,Canada,613178635,William@job.com,2018/5/25
Ethan,Moore,47,Adams Avenue,North Vancouver,Newfoundland and Labrador,N8A 0B3,Canada,363253335,Ethan@way.com,2018/5/25
Jacob,Jackson,144,Cascade Drive,Sault Ste. Marie,Newfoundland and Labrador,E4M 2G2,Canada,1299642182,Jacob@water.com,2018/5/25
William,Taylor,57,Castine Way,Grande Prairie,Northwest Territories,G3E 2K4,Canada,557564252,William@lot.com,2018/5/25
Alexander,Jones,67,Adelaide Avenue,Gatineau,Quebec,H3J 3P2,Canada,614533121,Alexander@question.com,2018/5/25
James,Jones,178,Bedford Row,Blainville,Alberta,G3E 2K4,Canada,1146554134,James@water.com,2018/5/25
Jacob,Davis,318,Artz Street,Oakville,Prince Edward Island,T1L 2H8,Canada,765904666,Jacob@hand.com,2018/5/25
Jacob,Johnson,463,Cavendish Road,Brampton,Northwest Territories,J9P 1C6,Canada,1376943689,Jacob@word.com,2018/5/25
Mason,Johnson,279,Briarwood Crescent,Strathcona County,Quebec,V8C 0S2,Canada,630891242,Mason@Mr.com,2018/5/25
Alexander,Thomas,16,Auburn Avenue,Sarnia,Nunavut,G3H 0B4,Canada,855233485,Alexander@eye.com,2018/5/25
Alexander,Davis,276,Armview Terrace,Grande Prairie,Alberta,G6X 2L1,Canada,241591628,Alexander@year.com,2018/5/25
Alexander,Jackson,282,Broadholme Lane,Grande Prairie,Alberta,G0H 2P3,Canada,1158041296,Alexander@Mr.com,2018/5/25
Ethan,Jones,210,Argyle Street,Edmonton,Prince Edward Island,K1B 3B2,Canada,1400781684,Ethan@time.com,2018/5/25
Alexander,Taylor,185,Basinview Drive,Richmond,Nunavut,J9T 3H4,Canada,222197763,Alexander@month.com,2018/5/25
Liam,Moore,116,Chartwell Lane,Brantford,British Columbia,G6X 2L1,Canada,508425821,Liam@student.com,2018/5/25
Ethan,Moore,472,Cherry Street,Barrie,Nova Scotia,H9S 1R4,Canada,456436656,Ethan@study.com,2018/5/25
Mason,Anderson,100,Blue Jay Street,Windsor,Nunavut,E7E 3T7,Canada,273509189,Mason@work.com,2018/5/25
Jacob,Wilson,187,Caitland Court,St. Catharines,Prince Edward Island,N4N 0B9,Canada,229590718,Jacob@week.com,2018/5/25
Ethan,Thomas,165,Bell Road,St. Albert,Alberta,E4S 3C4,Canada,1344856418,Ethan@man.com,2018/5/25
Jacob,Jones,117,Brunswick Street,St. Albert,Northwest Territories,N8A 0B3,Canada,1256015652,Jacob@story.com,2018/5/25
Alexander,Jones,381,Chocolate Lake Road,Vaughan,Newfoundland and Labrador,J0J 3V6,Canada,147502608,Alexander@woman.com,2018/5/25
Ethan,Moore,172,Castlepark Grove,Mirabel,Alberta,B3V 2V1,Canada,447593495,Ethan@year.com,2018/5/25
Liam,Jones,238,Adams Avenue,Granby,Newfoundland and Labrador,B3V 2V1,Canada,137596756,Liam@work.com,2018/5/25
Alexander,Davis,156,Bower Road,Coquitlam,Northwest Territories,V8C 0S2,Canada,609579465,Alexander@Mr.com,2018/5/25
William,Miller,234,Bloomfield Street,Niagara Falls,Saskatchewan,V8C 0S2,Canada,152391312,William@point.com,2018/5/25
Liam,Johnson,127,Armoury Place,Grande Prairie,Prince Edward Island,G3E 2K4,Canada,900473934,Liam@job.com,2018/5/25
Alexander,Jackson,497,Arvida Avenue,Saskatoon,Nunavut,N4N 0B9,Canada,1305518203,Alexander@right.com,2018/5/25
Ethan,Wilson,373,Balcomes Drive,Guelph,Northwest Territories,E7E 3T7,Canada,471543003,Ethan@way.com,2018/5/25
Mason,Jones,241,Carrington Place,Mississauga,New Brunswick,K1B 3B2,Canada,450503258,Mason@eye.com,2018/5/25
Ethan,Jackson,118,Chelton Woods Lane,Whitby,Alberta,G0H 2P3,Canada,452292773,Ethan@group.com,2018/5/25
Mason,Johnson,105,Chain Lake Drive,Oakville,Northwest Territories,L9R 0A0,Canada,384243405,Mason@program.com,2018/5/25
Alexander,Davis,135,Almon Street,Coquitlam,British Columbia,E4M 2G2,Canada,1045616998,Alexander@family.com,2018/5/25
Ethan,Williams,110,Canary Crescent,Hamilton,Newfoundland and Labrador,G0H 2P3,Canada,400882960,Ethan@mother.com,2018/5/25
Liam,Anderson,75,Balmoral Road,Gatineau,Prince Edward Island,G3E 2K4,Canada,171416461,Liam@program.com,2018/5/25
Liam,Jones,292,Altavista Lane,Aurora,Nunavut,N4N 0B9,Canada,535856039,Liam@place.com,2018/5/25
William,Williams,281,Clovis Avenue,Winnipeg,Alberta,H3J 3P2,Canada,532842343,William@study.com,2018/5/25
Jacob,Miller,474,Basinview Drive,Fredericton,New Brunswick,N5C 2J8,Canada,224445849,Jacob@work.com,2018/5/25
Liam,Wilson,270,Attenborough Court,Prince George,Northwest Territories,V8C 0S2,Canada,826278091,Liam@group.com,2018/5/25
James,Jones,295,Amberwood Court,Coquitlam,Nova Scotia,N5C 2J8,Canada,317061728,James@world.com,2018/5/25
Liam,Taylor,472,Bakers Drive,Strathcona County,Yukon,G6X 2L1,Canada,1143442381,Liam@state.com,2018/5/25
Alexander,Williams,71,Bethany Way,Coquitlam,Prince Edward Island,G6X 2L1,Canada,911251339,Alexander@hand.com,2018/5/25
Liam,Johnson,404,Bedford Windsor Ramp,Cape Breton,Yukon,J9T 3H4,Canada,304142643,Liam@mother.com,2018/5/25
Mason,Thomas,106,Bayne St Ramp,Mirabel,Nova Scotia,N8H 2H6,Canada,1134742486,Mason@man.com,2018/5/25
William,Wilson,324,Ash Lake Court,Fredericton,Alberta,E4M 2G2,Canada,1065024667,William@lot.com,2018/5/25
William,Williams,18,Adelaide Avenue,Saint-JÃ©rÃ´me,Quebec,L4A 0T0,Canada,704808794,William@home.com,2018/5/25
Ethan,Jones,475,Almon Street,Brampton,Nunavut,E4S 3C4,Canada,858114618,Ethan@money.com,2018/5/25
Alexander,Williams,369,Artillery Place,Cape Breton,Nova Scotia,J9T 3H4,Canada,1349307521,Alexander@day.com,2018/5/25
James,Taylor,94,Bridges Street,Edmonton,Nova Scotia,J0J 3V6,Canada,1194718707,James@part.com,2018/5/25
Jacob,Moore,115,Bloomingdale Terrace,Sault Ste. Marie,Nova Scotia,T1L 2H8,Canada,850268255,Jacob@job.com,2018/5/25
Alexander,Thomas,435,Balcomes Drive,Blainville,Saskatchewan,N8H 2H6,Canada,935152882,Alexander@child.com,2018/5/25
Ethan,Williams,89,Bristol Place,Nanaimo,Manitoba,L0N 3J2,Canada,636234336,Ethan@business.com,2018/5/25
Ethan,Anderson,418,Caitland Court,New Westminster,Quebec,"L4A 0T3 ",Canada,331255908,Ethan@book.com,2018/5/25
Alexander,Thomas,451,Alderwood Drive,Halton Hills,Manitoba,H3J 3P2,Canada,872243526,Alexander@company.com,2018/5/25
Ethan,Jackson,364,Canterbury Close,Blainville,Newfoundland and Labrador,E7E 3T7,Canada,1007826043,Ethan@word.com,2018/5/25
Jacob,Taylor,49,Alma Crescent,Vancouver,Alberta,J9T 3H4,Canada,322579815,Jacob@study.com,2018/5/25
Ethan,Jackson,474,Chadwick Place,Montreal,Yukon,G0H 2P3,Canada,1352183891,Ethan@Mr.com,2018/5/25
Ethan,Miller,44,Cherry Street,Port Coquitlam,Nunavut,B2E 0X4,Canada,1118233662,Ethan@problem.com,2018/5/25
Mason,Wilson,53,Boscobel Road,Saint John,New Brunswick,B2E 0X4,Canada,237245971,Mason@place.com,2018/5/25
James,Jackson,300,Buffers Lane,Oakville,Nova Scotia,G3H 0B4,Canada,423841696,James@place.com,2018/5/25
James,Anderson,227,Borden Street,Burnaby,Alberta,E5V 3X5,Canada,125764190,James@way.com,2018/5/25
Mason,Johnson,162,Bald Eagle Place,Vaughan,Prince Edward Island,G6X 2L1,Canada,122475712,Mason@program.com,2018/5/25
Ethan,Wilson,249,Beaufort Avenue,Surrey,Nova Scotia,G6X 2L1,Canada,343582821,Ethan@state.com,2018/5/25
Alexander,Miller,76,Apollo Court,Windsor,British Columbia,H9S 1R4,Canada,694753131,Alexander@home.com,2018/5/25
Alexander,Miller,95,Acorn Road,Windsor,Northwest Territories,G6X 2L1,Canada,494354700,Alexander@story.com,2018/5/25
Alexander,Williams,185,Ashdale Avenue,Richmond Hill,Nunavut,V8C 0S2,Canada,1137533238,Alexander@child.com,2018/5/25
Jacob,Brown,238,Battery Drive,Sault Ste. Marie,Yukon,"L4A 0T3 ",Canada,961338521,Jacob@country.com,2018/5/25
Ethan,Brown,376,Beresford Road,Mirabel,New Brunswick,"B0T 0Y5 ",Canada,1040470260,Ethan@month.com,2018/5/25
Liam,Taylor,442,Alm-b Ramp,North Vancouver,New Brunswick,J9T 3H4,Canada,1395344214,Liam@part.com,2018/5/25
Jacob,Moore,347,Brussels Street,Airdrie,Alberta,"B0T 0Y5 ",Canada,162720534,Jacob@question.com,2018/5/25
Alexander,Thomas,159,Bristol Place,Oakville,Newfoundland and Labrador,N8A 0B3,Canada,1348864661,Alexander@study.com,2018/5/25
Mason,Jones,313,Carroll Lane,Saint John,Alberta,G0H 2P3,Canada,1254269599,Mason@money.com,2018/5/25
Mason,Davis,31,Blowers Street,Guelph,Alberta,G3H 0B4,Canada,1308508193,Mason@woman.com,2018/5/25
William,Jackson,295,Chocolate Lake Road,Coquitlam,Alberta,H9S 1R4,Canada,342193413,William@government.com,2018/5/25
Mason,Moore,421,Bedros Lane,Waterloo,Newfoundland and Labrador,T1L 2H8,Canada,608255373,Mason@job.com,2018/5/25
Ethan,Miller,409,Cedar Street,Maple Ridge,New Brunswick,N8H 2H6,Canada,230564294,Ethan@group.com,2018/5/25
Alexander,Johnson,79,Bently Drive,Cape Breton,Alberta,E7E 3T7,Canada,1027453962,Alexander@year.com,2018/5/25
William,Jackson,385,Breen Avenue,Quebec City,Nova Scotia,J0N 0Z3,Canada,890377063,William@job.com,2018/5/25
Jacob,Moore,390,Bell Road,New Westminster,New Brunswick,N4N 0B9,Canada,499125628,Jacob@company.com,2018/5/25
Mason,Miller,80,Chelsea Lane,Niagara Falls,Saskatchewan,J0J 3V6,Canada,1118600124,Mason@home.com,2018/5/25
Ethan,Brown,175,Bower Road,Grande Prairie,Saskatchewan,E4M 2G2,Canada,1217740844,Ethan@case.com,2018/5/25
William,Miller,108,Bayne Street,Thunder Bay,Prince Edward Island,L9R 0A0,Canada,505606421,William@world.com,2018/5/25
Ethan,Davis,500,Buddy Daye Street,Brantford,New Brunswick,H3J 3P2,Canada,1228820395,Ethan@study.com,2018/5/25
William,Moore,385,Abbott Drive,Guelph,Nova Scotia,K1B 3B2,Canada,566447161,William@hand.com,2018/5/25
William,Davis,134,Bloomingdale Terrace,Burlington,Prince Edward Island,"V1K 1V0 ",Canada,791230105,William@school.com,2018/5/25
Liam,Taylor,493,Chadwick Place,Cape Breton,Alberta,V8B 1P6,Canada,225139390,Liam@life.com,2018/5/25
James,Miller,460,Armcrescent West Avenue,Winnipeg,Nunavut,N8H 2H6,Canada,977563303,James@story.com,2018/5/25
Ethan,Jackson,198,Canary Crescent,Aurora,Newfoundland and Labrador,J0N 0Z3,Canada,1092495268,Ethan@school.com,2018/5/25
Mason,Johnson,228,Bliss Street,Saint John,Prince Edward Island,V8C 0S2,Canada,1119922273,Mason@school.com,2018/5/25
Alexander,Jackson,389,Africville Road,Moncton,Prince Edward Island,V8B 1P6,Canada,755381380,Alexander@student.com,2018/5/25
Alexander,Moore,235,Boulderwood Road,Saanich,Manitoba,G3H 0B4,Canada,949242617,Alexander@Mr.com,2018/5/25
Ethan,Williams,348,Bliss Street,Surrey,Northwest Territories,J9T 3H4,Canada,742694045,Ethan@right.com,2018/5/25
Alexander,Brown,352,Armdale Rotary,North Vancouver,Alberta,N8H 2H6,Canada,807404000,Alexander@eye.com,2018/5/25
James,Brown,385,Bridgeview Drive,Cambridge,Saskatchewan,V8C 0S2,Canada,229847785,James@number.com,2018/5/25
William,Moore,456,Clifton Street,Saguenay,Alberta,"L4A 0T3 ",Canada,1163393617,William@government.com,2018/5/25
Alexander,Brown,74,Artz Street,Saint-JÃ©rÃ´me,Newfoundland and Labrador,J0J 3V6,Canada,1369366762,Alexander@people.com,2018/5/25
Ethan,Taylor,458,Artz Street,Victoria,Northwest Territories,B2E 0X4,Canada,1279300718,Ethan@government.com,2018/5/25
William,Jones,340,Catamaran Road,North Bay,Nunavut,E5V 3X5,Canada,675417054,William@government.com,2018/5/25
Alexander,Brown,457,Cherry Lane,Thunder Bay,Northwest Territories,E7E 3T7,Canada,436000384,Alexander@part.com,2018/5/25
Mason,Davis,40,Annandale Street,Brantford,Northwest Territories,K1B 3B2,Canada,519248170,Mason@case.com,2018/5/25
William,Jackson,248,Bauer Street,Drummondville,British Columbia,L9R 0A0,Canada,934640890,William@thing.com,2018/5/25
Ethan,Jones,274,Admirals Way,Niagara Falls,Newfoundland and Labrador,L4A 0T0,Canada,1082286205,Ethan@place.com,2018/5/25
Jacob,Moore,71,Brockhurst Close,Brossard,Nova Scotia,J0J 3V6,Canada,254510514,Jacob@eye.com,2018/5/25
William,Moore,282,Berts Drive,Brampton,Newfoundland and Labrador,N5C 2J8,Canada,1138777025,William@man.com,2018/5/25
Alexander,Thomas,27,Cloverdale Road,Grande Prairie,Manitoba,E5V 3X5,Canada,697056973,Alexander@world.com,2018/5/25
Ethan,Thomas,147,Barrington Street,Mirabel,New Brunswick,H0H 3C9,Canada,930355028,Ethan@people.com,2018/5/25
Ethan,Davis,384,Bliss Street,Welland,Quebec,G0H 2P3,Canada,1259292127,Ethan@system.com,2018/5/25
James,Taylor,278,Bellevue Avenue,Calgary,Northwest Territories,J0N 0Z3,Canada,351184114,James@eye.com,2018/5/25
Ethan,Williams,8,Aster Court,London,Northwest Territories,J9P 1C6,Canada,136634235,Ethan@mother.com,2018/5/25
William,Jones,262,Cabot Back Lane,Drummondville,Prince Edward Island,T1L 2H8,Canada,566105015,William@study.com,2018/5/25
Mason,Davis,186,Artillery Place,Regina,Prince Edward Island,J1S 0R4,Canada,1367606149,Mason@day.com,2018/5/25
Mason,Davis,277,Bromley Road,Markham,Manitoba,J1S 0R4,Canada,273887725,Mason@company.com,2018/5/25
James,Wilson,152,Auburn Avenue,Maple Ridge,New Brunswick,K1B 3B2,Canada,645072321,James@country.com,2018/5/25
Mason,Thomas,164,Bedros Lane,Waterloo,Prince Edward Island,L3V 1Y8,Canada,815695175,Mason@group.com,2018/5/25
James,Johnson,108,Brighton Avenue,Saint John,Northwest Territories,E7E 3T7,Canada,311740347,James@night.com,2018/5/25
Liam,Moore,330,Carlina Court,Ajax,Northwest Territories,G6X 2L1,Canada,196068173,Liam@word.com,2018/5/25
Mason,Davis,496,Belmont On The Arm,Saint-Hyacinthe,Prince Edward Island,V8C 0S2,Canada,1104541369,Mason@business.com,2018/5/25
James,Thomas,446,Beaufort Avenue,Longueuil,Nunavut,"V1K 1V0 ",Canada,1388579907,James@book.com,2018/5/25
Jacob,Williams,472,Bridges Street,St. John's,Nunavut,B2E 0X4,Canada,1256774834,Jacob@study.com,2018/5/25
Jacob,Williams,25,Cedar Street,Ottawa,British Columbia,V8B 1P6,Canada,1094679127,Jacob@company.com,2018/5/25
Mason,Thomas,63,Bell Road,Chilliwack,Northwest Territories,N8H 2H6,Canada,1375684976,Mason@number.com,2018/5/25
Ethan,Jackson,386,Argyle Street,Kitchener,New Brunswick,T1L 2H8,Canada,566033558,Ethan@world.com,2018/5/25
James,Miller,26,Balcomes Drive,St. Catharines,Newfoundland and Labrador,B3V 2V1,Canada,625019344,James@child.com,2018/5/25
Ethan,Taylor,470,Canterbury Close,Niagara Falls,Nova Scotia,T1L 2H8,Canada,873659591,Ethan@money.com,2018/5/25
Alexander,Anderson,99,Armview Terrace,Whitby,Newfoundland and Labrador,E7E 3T7,Canada,112119022,Alexander@day.com,2018/5/25
William,Wilson,232,Bell Road,Whitby,Saskatchewan,N8A 0B3,Canada,1256895396,William@case.com,2018/5/25
James,Davis,70,Bermuda Avenue,Saint-JÃ©rÃ´me,Newfoundland and Labrador,E4M 2G2,Canada,398784373,James@problem.com,2018/5/25
Mason,Williams,277,Alm-a Ramp,Newmarket,Northwest Territories,J1S 0R4,Canada,168502442,Mason@country.com,2018/5/25
Jacob,Jackson,133,Autumn Drive,Saint John,New Brunswick,V8B 1P6,Canada,952520434,Jacob@month.com,2018/5/25
Mason,Williams,33,Carnation Crescent,Barrie,Northwest Territories,"L4A 0T3 ",Canada,508931777,Mason@business.com,2018/5/25
Ethan,Williams,427,Bristol Place,Peterborough,Nunavut,K1B 3B2,Canada,1125345855,Ethan@book.com,2018/5/25
William,Jones,70,Annandale Street,Greater Sudbury,Saskatchewan,H3J 3P2,Canada,747109084,William@month.com,2018/5/25
Mason,Anderson,435,Ardwell Avenue,Welland,Prince Edward Island,L4A 0T0,Canada,126847204,Mason@study.com,2018/5/25
William,Moore,7,Ashton Lane,Sherbrooke,Alberta,E7E 3T7,Canada,1202293556,William@time.com,2018/5/25
James,Anderson,76,Barkton Lane,Victoria,Newfoundland and Labrador,E5V 3X5,Canada,1169711767,James@group.com,2018/5/25
Liam,Taylor,234,Briar Place,Oakville,Nunavut,G3E 2K4,Canada,779068261,Liam@system.com,2018/5/25
Mason,Taylor,61,Balmoral Road,Markham,Newfoundland and Labrador,G6X 2L1,Canada,169088844,Mason@world.com,2018/5/25
Jacob,Anderson,355,Alm-a Ramp,Saint John,Northwest Territories,T1L 2H8,Canada,742237649,Jacob@woman.com,2018/5/25
Mason,Jackson,27,Canary Crescent,Saint John,Northwest Territories,L4A 0T0,Canada,1176192894,Mason@word.com,2018/5/25
Alexander,Moore,304,Campbell Drive,North Vancouver,British Columbia,B2E 0X4,Canada,1386907124,Alexander@student.com,2018/5/25
Jacob,Thomas,311,Beachstone Drive,Oakville,Northwest Territories,E4S 3C4,Canada,854661053,Jacob@book.com,2018/5/25
James,Brown,431,Boscobel Road,Kelowna,Quebec,"V1K 1V0 ",Canada,558029610,James@lot.com,2018/5/25
Ethan,Thomas,100,Catamaran Road,Brantford,Nunavut,L4A 0T0,Canada,920036153,Ethan@day.com,2018/5/25
Liam,Williams,324,Blenheim Terrace,North Bay,Saskatchewan,N5C 2J8,Canada,117467795,Liam@system.com,2018/5/25
Mason,Jackson,201,Beech Street,Winnipeg,Northwest Territories,T1L 2H8,Canada,1318898911,Mason@man.com,2018/5/25
Liam,Jones,461,Carrington Place,Regina,New Brunswick,L3V 1Y8,Canada,517783249,Liam@program.com,2018/5/25
William,Brown,143,Chisholm Avenue,Saint-Hyacinthe,New Brunswick,K1B 3B2,Canada,985971839,William@country.com,2018/5/25
William,Williams,95,Brycedale Lane,Victoria,Newfoundland and Labrador,J9P 1C6,Canada,1080083119,William@school.com,2018/5/25
James,Brown,435,Albert Place,Moncton,Saskatchewan,E5V 3X5,Canada,984892405,James@state.com,2018/5/25
Mason,Davis,297,Briar Place,Calgary,Northwest Territories,E4S 3C4,Canada,275206336,Mason@group.com,2018/5/25
Alexander,Jones,144,Bobolink Street,Moncton,Northwest Territories,"V1K 1V0 ",Canada,1402670761,Alexander@company.com,2018/5/25
Jacob,Miller,42,Bellevue Avenue,Repentigny,Newfoundland and Labrador,G3E 2K4,Canada,862111674,Jacob@Mr.com,2018/5/25
Alexander,Jones,129,Ashdale Avenue,Winnipeg,Nunavut,B3V 2V1,Canada,1298870612,Alexander@school.com,2018/5/25
Jacob,Taylor,178,Bronson Avenue,Grande Prairie,Northwest Territories,J9T 3H4,Canada,845581013,Jacob@room.com,2018/5/25
Jacob,Taylor,382,Almon Street,Regina,Newfoundland and Labrador,L4A 0T0,Canada,1262748392,Jacob@work.com,2018/5/25
William,Moore,182,Athlone Avenue,Guelph,Nunavut,J0J 3V6,Canada,1182469656,William@number.com,2018/5/25
Liam,Williams,49,Bedford Highway Ramp,Pickering,Quebec,"B0T 0Y5 ",Canada,886392530,Liam@way.com,2018/5/25
Alexander,Miller,195,Bison Crescent,Cape Breton,Nunavut,E5V 3X5,Canada,217445543,Alexander@right.com,2018/5/25
Mason,Williams,463,Aurora Avenue,North Vancouver,Nunavut,L3V 1Y8,Canada,449446094,Mason@story.com,2018/5/25
Ethan,Miller,366,Barclay Avenue,Maple Ridge,Prince Edward Island,N8H 2H6,Canada,410757698,Ethan@month.com,2018/5/25
Ethan,Thomas,183,Ashton Lane,Laval,Prince Edward Island,V8B 1P6,Canada,816079230,Ethan@part.com,2018/5/25
Ethan,Anderson,8,"Alm-../../view.php?place=Alm-# Ramp, Halifax, ns, CANADA Ramp",Grande Prairie,Saskatchewan,L9R 0A0,Canada,748524684,Ethan@null,2018/5/25
James,Wilson,39,Abbott Drive,Vaughan,Nunavut,E4S 3C4,Canada,443548639,James@place.com,2018/5/25
James,Anderson,115,Cloverdale Road,Maple Ridge,Nova Scotia,"L4A 0T3 ",Canada,665040643,James@study.com,2018/5/25
Alexander,Wilson,481,Bluestone Road,Nanaimo,Nova Scotia,L3V 1Y8,Canada,438504652,Alexander@problem.com,2018/5/25
Liam,Moore,476,Cedar Street,Wood Buffalo,Saskatchewan,J9P 1C6,Canada,1123811438,Liam@system.com,2018/5/25
Alexander,Brown,281,Bliss Street,Grande Prairie,Prince Edward Island,N8H 2H6,Canada,843472786,Alexander@world.com,2018/5/25
Ethan,Thomas,481,Allan Street,Guelph,Northwest Territories,E7E 3T7,Canada,582764393,Ethan@lot.com,2018/5/25
James,Davis,157,Cedar Street,Repentigny,Prince Edward Island,"B0T 0Y5 ",Canada,430335472,James@way.com,2018/5/25
Liam,Thomas,476,Charlton Avenue,Brampton,Nunavut,K1B 3B2,Canada,1079634073,Liam@thing.com,2018/5/25
Jacob,Thomas,174,Alm-c Ramp,Vancouver,Northwest Territories,L3V 1Y8,Canada,1321113177,Jacob@man.com,2018/5/25
James,Taylor,73,Autumn Drive,Red Deer,Prince Edward Island,G0H 2P3,Canada,828483928,James@work.com,2018/5/25
William,Taylor,477,Albert Place,Airdrie,Nova Scotia,"V1K 1V0 ",Canada,108357990,William@life.com,2018/5/25
James,Taylor,378,Boscobel Road,Laval,British Columbia,T1L 2H8,Canada,970789915,James@family.com,2018/5/25
William,Miller,64,Bromley Road,St. Catharines,Quebec,B3V 2V1,Canada,510891257,William@company.com,2018/5/25
Mason,Miller,449,Bright Street,Strathcona County,Alberta,G3E 2K4,Canada,1403219218,Mason@Mr.com,2018/5/25
James,Thomas,45,Chebucto Lane,Quebec City,Quebec,E7E 3T7,Canada,1264997839,James@people.com,2018/5/25
William,Taylor,359,Aster Court,Halton Hills,Saskatchewan,H9S 1R4,Canada,958017489,William@story.com,2018/5/25
Liam,Williams,20,Battery 18th Road,Newmarket,British Columbia,"L4A 0T3 ",Canada,570081931,Liam@world.com,2018/5/25
Ethan,Thomas,194,Bakers Drive,Clarington,Alberta,H9S 1R4,Canada,761848928,Ethan@group.com,2018/5/25
James,Williams,378,Armoury Place,Oakville,Saskatchewan,"V1K 1V0 ",Canada,427013038,James@water.com,2018/5/25
Mason,Williams,407,Alumni Crescent,Cambridge,Northwest Territories,N8H 2H6,Canada,185234831,Mason@case.com,2018/5/25
Alexander,Brown,184,Alumni Crescent,St. Albert,Prince Edward Island,E7E 3T7,Canada,508324487,Alexander@place.com,2018/5/25
Mason,Jackson,194,Central Avenue,Quebec City,Yukon,H3J 3P2,Canada,823590636,Mason@hand.com,2018/5/25
Ethan,Jones,83,Brunswick Street,Maple Ridge,Alberta,J1S 0R4,Canada,598028506,Ethan@people.com,2018/5/25
Liam,Wilson,129,Clovis Avenue,Welland,Prince Edward Island,G3E 2K4,Canada,1309421947,Liam@story.com,2018/5/25
Ethan,Wilson,428,Bilby Street,Brantford,Prince Edward Island,V8C 0S2,Canada,671463975,Ethan@part.com,2018/5/25
Jacob,Williams,298,Blowers Street,Ajax,British Columbia,J1S 0R4,Canada,841389636,Jacob@program.com,2018/5/25
Jacob,Taylor,108,Armview Terrace,Mississauga,Newfoundland and Labrador,"B0T 0Y5 ",Canada,364549762,Jacob@country.com,2018/5/25
William,Williams,19,Bristol Place,Greater Sudbury,Manitoba,V8C 0S2,Canada,1101139623,William@story.com,2018/5/25
Ethan,Thomas,257,Brodick Lane,Kitchener,Prince Edward Island,B2E 0X4,Canada,608632573,Ethan@right.com,2018/5/25
Alexander,Thomas,398,Bell Road,Edmonton,Nunavut,N5C 2J8,Canada,926367252,Alexander@case.com,2018/5/25
Liam,Thomas,376,Armstrong Court,Clarington,Northwest Territories,N5C 2J8,Canada,494321717,Liam@study.com,2018/5/25
Alexander,Thomas,439,Battery Drive,Caledon,Nova Scotia,J0J 3V6,Canada,308660144,Alexander@null,2018/5/25
Alexander,Thomas,156,Basinview Drive,Lethbridge,Prince Edward Island,"B0T 0Y5 ",Canada,235128263,Alexander@system.com,2018/5/25
Alexander,Thomas,212,Adams Avenue,Saanich,Quebec,G0H 2P3,Canada,1214069088,Alexander@group.com,2018/5/25
Jacob,Brown,50,Alton Drive,Cape Breton,Nunavut,N8A 0B3,Canada,1110571886,Jacob@woman.com,2018/5/25
William,Jones,390,Ascot Avenue,Cape Breton,Northwest Territories,"B0T 0Y5 ",Canada,276736589,William@student.com,2018/5/25
Liam,Thomas,61,Beachstone Drive,Vaughan,Saskatchewan,J0J 3V6,Canada,589416192,Liam@life.com,2018/5/25
Mason,Anderson,102,Bobolink Street,Richmond,New Brunswick,L9R 0A0,Canada,1158916952,Mason@man.com,2018/5/25
Alexander,Wilson,191,Charles Street,Caledon,Nova Scotia,E4M 2G2,Canada,1397966487,Alexander@government.com,2018/5/25
Liam,Williams,25,Bristol Place,Guelph,Northwest Territories,G3H 0B4,Canada,1120241850,Liam@world.com,2018/5/25
James,Anderson,103,Alm-e Ramp,Victoria,Alberta,J0N 0Z3,Canada,425367630,James@word.com,2018/5/25
Mason,Jackson,57,Bright Place,Belleville,Newfoundland and Labrador,J0J 3V6,Canada,333429582,Mason@Mr.com,2018/5/25
Ethan,Jones,80,Bobolink Street,Saskatoon,Yukon,J9T 3H4,Canada,310356650,Ethan@company.com,2018/5/25
Alexander,Taylor,482,Aldergrove Drive,Whitby,Northwest Territories,J0N 0Z3,Canada,1386794990,Alexander@thing.com,2018/5/25
Alexander,Williams,344,Cherry Lane,Burnaby,Prince Edward Island,E7E 3T7,Canada,581168655,Alexander@hand.com,2018/5/25
William,Miller,244,Borden Street,St. Catharines,New Brunswick,B3V 2V1,Canada,324753505,William@country.com,2018/5/25
William,Davis,267,Admirals Way,Waterloo,Nunavut,V8C 0S2,Canada,852729156,William@part.com,2018/5/25
Ethan,Johnson,383,Battery 18th Road,Saguenay,Saskatchewan,G6X 2L1,Canada,832592840,Ethan@right.com,2018/5/25
Alexander,Miller,305,Alm-a Ramp,Saskatoon,Prince Edward Island,N5C 2J8,Canada,118166699,Alexander@money.com,2018/5/25
Alexander,Brown,471,Blink Bonnie Terrace,Sarnia,Nunavut,N8H 2H6,Canada,1191048109,Alexander@room.com,2018/5/25
James,Taylor,188,Clinton Avenue,Waterloo,Saskatchewan,E4S 3C4,Canada,790755383,James@night.com,2018/5/25
Mason,Davis,391,Chisholm Avenue,North Bay,Alberta,"B0T 0Y5 ",Canada,1061325603,Mason@room.com,2018/5/25
William,Taylor,270,Barclay Avenue,Coquitlam,Northwest Territories,N8H 2H6,Canada,848240180,William@home.com,2018/5/25
Jacob,Williams,444,Cloverdale Road,Greater Sudbury,New Brunswick,V8C 0S2,Canada,1187261056,Jacob@student.com,2018/5/25
William,Wilson,177,Bliss Street,Chilliwack,Nova Scotia,"L4A 0T3 ",Canada,328969933,William@money.com,2018/5/25
William,Williams,147,Beresford Road,Guelph,Nunavut,E4S 3C4,Canada,790837674,William@woman.com,2018/5/25
Liam,Jackson,455,Buddy Daye Street,Repentigny,Prince Edward Island,H0H 3C9,Canada,1063776246,Liam@system.com,2018/5/25
Alexander,Davis,102,Broadholme Lane,Whitby,Yukon,E4S 3C4,Canada,335244406,Alexander@group.com,2018/5/25
William,Taylor,386,Bilby Street,Mirabel,New Brunswick,J0N 0Z3,Canada,1186651311,William@program.com,2018/5/25
Alexander,Thomas,122,Balwearie Lane,Milton,Alberta,N8H 2H6,Canada,1017562688,Alexander@day.com,2018/5/25
Mason,Miller,460,Bedford Highway Ramp,Maple Ridge,British Columbia,B3V 2V1,Canada,1259264400,Mason@water.com,2018/5/25
Alexander,Taylor,250,Aster Court,Fredericton,Manitoba,J0N 0Z3,Canada,1089390013,Alexander@life.com,2018/5/25
Ethan,Moore,143,Bayers Road,Vaughan,Manitoba,G6X 2L1,Canada,190374047,Ethan@night.com,2018/5/25
Ethan,Johnson,421,Cherry Street,Sault Ste. Marie,Yukon,N8A 0B3,Canada,1135067932,Ethan@day.com,2018/5/25
James,Johnson,263,Arnold Drive,Halton Hills,Alberta,N4N 0B9,Canada,1399998282,James@story.com,2018/5/25
Jacob,Davis,334,Bedford Highway Ramp,Saint-Hyacinthe,Nova Scotia,V8C 0S2,Canada,730251611,Jacob@time.com,2018/5/25
Ethan,Brown,253,Brenton Place,Surrey,Northwest Territories,B3V 2V1,Canada,227449475,Ethan@question.com,2018/5/25
Ethan,Taylor,214,Artillery Place,Kawartha Lakes,Northwest Territories,L9R 0A0,Canada,1347145486,Ethan@word.com,2018/5/25
William,Jones,312,Balmoral Road,Longueuil,Nunavut,N8A 0B3,Canada,816139306,William@country.com,2018/5/25
Ethan,Anderson,194,Cascade Drive,Saanich,Northwest Territories,B3V 2V1,Canada,914730228,Ethan@day.com,2018/5/25
William,Jackson,491,Bryden Avenue,Clarington,Prince Edward Island,B3V 2V1,Canada,614360824,William@room.com,2018/5/25
Mason,Jones,206,Battery Drive,Peterborough,Northwest Territories,B3V 2V1,Canada,353983219,Mason@money.com,2018/5/25
James,Taylor,402,Bilton Lane,Port Coquitlam,Newfoundland and Labrador,G3E 2K4,Canada,502401655,James@mother.com,2018/5/25
Mason,Anderson,5,Cascade Drive,Drummondville,Nova Scotia,K1B 3B2,Canada,1082762113,Mason@business.com,2018/5/25
Mason,Jackson,177,Cedar Street,Saint-JÃ©rÃ´me,Newfoundland and Labrador,K1B 3B2,Canada,1246487027,Mason@home.com,2018/5/25
Ethan,Moore,481,Birmingham Street,Whitby,Saskatchewan,L4A 0T0,Canada,346240300,Ethan@question.com,2018/5/25
William,Jones,235,Bonaventure Drive,Prince George,Northwest Territories,L3V 1Y8,Canada,1185286963,William@business.com,2018/5/25
Alexander,Jones,420,Aldergrove Drive,North Vancouver,Prince Edward Island,E7E 3T7,Canada,508710634,Alexander@program.com,2018/5/25
Mason,Williams,255,Braeburn Road,Windsor,Newfoundland and Labrador,N5C 2J8,Canada,1391436059,Mason@night.com,2018/5/25
Jacob,Miller,426,Clovis Avenue,Grande Prairie,Nunavut,V8B 1P6,Canada,1127083278,Jacob@home.com,2018/5/25
Liam,Taylor,362,Auburn Avenue,Oshawa,Nunavut,J9T 3H4,Canada,105495186,Liam@problem.com,2018/5/25
Jacob,Taylor,433,Bonaventure Drive,Ajax,Nunavut,E5V 3X5,Canada,416570558,Jacob@year.com,2018/5/25
Jacob,Jackson,389,Circle Drive,Greater Sudbury,Northwest Territories,H9S 1R4,Canada,636773489,Jacob@book.com,2018/5/25
Jacob,Taylor,496,Bloomfield Street,Drummondville,New Brunswick,L3V 1Y8,Canada,489755529,Jacob@case.com,2018/5/25
Ethan,Anderson,157,Borden Street,Guelph,Prince Edward Island,V8C 0S2,Canada,1167695027,Ethan@case.com,2018/5/25
James,Thomas,307,Brenton Place,Coquitlam,Alberta,"B0T 0Y5 ",Canada,713466310,James@time.com,2018/5/25
Ethan,Johnson,128,Briar Lane,Victoria,Nunavut,V8B 1P6,Canada,1201738596,Ethan@point.com,2018/5/25
James,Miller,241,Autumn Drive,Windsor,Alberta,N8A 0B3,Canada,1073589644,James@money.com,2018/5/25
James,Williams,488,Ahern Avenue,Hamilton,New Brunswick,V8B 1P6,Canada,455923186,James@student.com,2018/5/25
Alexander,Taylor,179,Cedarbrae Lane,Saanich,Nova Scotia,E7E 3T7,Canada,1227134473,Alexander@fact.com,2018/5/25
Alexander,Jones,152,Angus L Macdonald Bridge,Norfolk County,Newfoundland and Labrador,G3H 0B4,Canada,882617598,Alexander@case.com,2018/5/25
William,Johnson,474,Birches Drive,Kamloops,New Brunswick,L3V 1Y8,Canada,734005906,William@mother.com,2018/5/25
Ethan,Johnson,437,Andrew Street,Welland,British Columbia,N8A 0B3,Canada,808616959,Ethan@problem.com,2018/5/25
James,Wilson,210,Chadwick Place,Belleville,Northwest Territories,H0H 3C9,Canada,309738019,James@country.com,2018/5/25
Liam,Taylor,387,Ascot Avenue,Granby,Northwest Territories,L9R 0A0,Canada,369894450,Liam@world.com,2018/5/25
Mason,Jackson,247,Bluestone Road,Milton,Nunavut,V8B 1P6,Canada,1281633336,Mason@part.com,2018/5/25
James,Jones,189,Cabot Back Lane,Peterborough,Prince Edward Island,N8A 0B3,Canada,626340446,James@right.com,2018/5/25
Liam,Williams,341,Battery 18th Road,Nanaimo,Quebec,E7E 3T7,Canada,1285037598,Liam@room.com,2018/5/25
James,Wilson,22,Artillery Place,Caledon,Newfoundland and Labrador,V8C 0S2,Canada,1250429125,James@week.com,2018/5/25
Mason,Wilson,473,Breen Avenue,Mirabel,Nunavut,G3E 2K4,Canada,881634665,Mason@night.com,2018/5/25
Ethan,Thomas,115,Bishop Street,Oakville,Alberta,K1B 3B2,Canada,369039230,Ethan@month.com,2018/5/25
Mason,Wilson,314,Annandale Street,Brampton,Newfoundland and Labrador,V8B 1P6,Canada,383156258,Mason@student.com,2018/5/25
William,Jones,88,Cambridge Street,Winnipeg,British Columbia,V8C 0S2,Canada,134144089,William@work.com,2018/5/25
James,Wilson,446,Beech Street,Sault Ste. Marie,Alberta,L9R 0A0,Canada,1341634352,James@school.com,2018/5/25
Ethan,Moore,406,Clayder Lane,Saint-Jean-sur-Richelieu,Northwest Territories,J9P 1C6,Canada,1184955788,Ethan@group.com,2018/5/25
Ethan,Jones,85,Arvida Avenue,Cape Breton,Prince Edward Island,V8C 0S2,Canada,446642211,Ethan@right.com,2018/5/25
Liam,Moore,354,Beachstone Drive,Welland,Yukon,N4N 0B9,Canada,1189325608,Liam@life.com,2018/5/25
Mason,Davis,72,Chain Lake Drive,Delta,Nunavut,K1B 3B2,Canada,467607873,Mason@state.com,2018/5/25
Ethan,Moore,359,Berlin Street,Port Coquitlam,Manitoba,K1B 3B2,Canada,1372161300,Ethan@group.com,2018/5/25
James,Wilson,410,Ballantrae Lane,North Vancouver,Nunavut,N8H 2H6,Canada,339507152,James@work.com,2018/5/25
Jacob,Taylor,362,Battery 18th Road,Cambridge,Newfoundland and Labrador,H0H 3C9,Canada,461298200,Jacob@water.com,2018/5/25
James,Anderson,244,Bently Drive,Repentigny,Yukon,L0N 3J2,Canada,1238639567,James@year.com,2018/5/25
Ethan,Moore,269,Armoury Place,Cape Breton,Northwest Territories,"L4A 0T3 ",Canada,653846637,Ethan@system.com,2018/5/25
Mason,Brown,254,Armview Terrace,Sault Ste. Marie,Prince Edward Island,H9S 1R4,Canada,990560422,Mason@company.com,2018/5/25
Jacob,Johnson,493,Campbell Drive,Prince George,Quebec,"B0T 0Y5 ",Canada,711044030,Jacob@mother.com,2018/5/25
Jacob,Johnson,162,Agricola Street,Richmond Hill,Alberta,"V1K 1V0 ",Canada,632818660,Jacob@eye.com,2018/5/25
Mason,Williams,270,Beaufort Avenue,Regina,Saskatchewan,N4N 0B9,Canada,489344258,Mason@question.com,2018/5/25
Ethan,Moore,328,Beachstone Drive,Oakville,British Columbia,L0N 3J2,Canada,478887144,Ethan@woman.com,2018/5/25
Ethan,Davis,325,Aikenhead Road,Prince George,Saskatchewan,L0N 3J2,Canada,1256242539,Ethan@mother.com,2018/5/25
Alexander,Thomas,148,Autumn Drive,Blainville,Newfoundland and Labrador,N4N 0B9,Canada,186433676,Alexander@water.com,2018/5/25
Liam,Anderson,179,Armview Terrace,Winnipeg,Nunavut,J9P 1C6,Canada,971938077,Liam@case.com,2018/5/25
Alexander,Anderson,249,Agricola Street,Saanich,Nunavut,J1S 0R4,Canada,238053042,Alexander@work.com,2018/5/25
Ethan,Moore,479,Chelton Woods Lane,Sherbrooke,Alberta,N8A 0B3,Canada,816946448,Ethan@month.com,2018/5/25
Ethan,Thomas,357,Belmont Road,Quebec City,British Columbia,L4A 0T0,Canada,393863459,Ethan@company.com,2018/5/25
Jacob,Williams,30,Blue Thistle Road,Trois-RiviÃ¨res,Northwest Territories,J0J 3V6,Canada,1367293232,Jacob@family.com,2018/5/25
Alexander,Jones,45,Carlina Court,Gatineau,Nunavut,B2E 0X4,Canada,554043525,Alexander@part.com,2018/5/25
Ethan,Thomas,226,Blowers Street,Surrey,Newfoundland and Labrador,V8C 0S2,Canada,116964257,Ethan@eye.com,2018/5/25
Ethan,Jones,167,Banbury Close,Surrey,Newfoundland and Labrador,E5V 3X5,Canada,129231753,Ethan@country.com,2018/5/25
James,Jackson,89,Catamaran Road,Richmond Hill,Nunavut,N8A 0B3,Canada,1228370881,James@school.com,2018/5/25
Alexander,Jones,180,Cherry Lane,Kingston,Quebec,J0J 3V6,Canada,939270395,Alexander@eye.com,2018/5/25
Alexander,Wilson,341,Carroll Lane,Oakville,Saskatchewan,G0H 2P3,Canada,470550512,Alexander@world.com,2018/5/25
Alexander,Jones,488,Briar Place,New Westminster,Nunavut,G0H 2P3,Canada,1213222913,Alexander@Mr.com,2018/5/25
Mason,Jones,494,Castlepark Grove,Clarington,Nova Scotia,H3J 3P2,Canada,660439330,Mason@work.com,2018/5/25
Alexander,Brown,454,Bromley Road,Surrey,Prince Edward Island,G3H 0B4,Canada,727098391,Alexander@question.com,2018/5/25
William,Miller,34,Birchview Drive,Whitby,Northwest Territories,"L4A 0T3 ",Canada,450230899,William@home.com,2018/5/25
Liam,Jones,186,Artillery Place,Thunder Bay,Prince Edward Island,N8A 0B3,Canada,660448770,Liam@program.com,2018/5/25
Alexander,Jackson,238,Bayview Road,Gatineau,Prince Edward Island,E5V 3X5,Canada,1376030559,Alexander@way.com,2018/5/25
William,Brown,277,Arthur Street,Oakville,Manitoba,J9P 1C6,Canada,876512789,William@school.com,2018/5/25
Alexander,Moore,435,Berlin Street,Cambridge,Northwest Territories,T1L 2H8,Canada,768936862,Alexander@number.com,2018/5/25
Ethan,Moore,408,Battery Drive,Medicine Hat,British Columbia,E4M 2G2,Canada,315047124,Ethan@way.com,2018/5/25
James,Wilson,483,Boscobel Road,Airdrie,New Brunswick,J9P 1C6,Canada,454455661,James@country.com,2018/5/25
Jacob,Thomas,285,Bedford Windsor Ramp,Saanich,Nova Scotia,J0J 3V6,Canada,974119006,Jacob@life.com,2018/5/25
Ethan,Jones,134,Arlington Avenue,Greater Sudbury,Manitoba,T1L 2H8,Canada,1055267484,Ethan@thing.com,2018/5/25
Mason,Jackson,445,Bellevue Avenue,Hamilton,Prince Edward Island,V8B 1P6,Canada,202653477,Mason@way.com,2018/5/25
William,Jones,167,Bridgeview Drive,St. Catharines,Yukon,E7E 3T7,Canada,679874183,William@state.com,2018/5/25
Ethan,Davis,58,Brigadier Court,Airdrie,British Columbia,N4N 0B9,Canada,1270831715,Ethan@family.com,2018/5/25
Ethan,Jackson,103,Armview Avenue,Granby,Newfoundland and Labrador,N4N 0B9,Canada,1210756354,Ethan@word.com,2018/5/25
James,Williams,448,Aikens Avenue,Belleville,Northwest Territories,E7E 3T7,Canada,469536434,James@right.com,2018/5/25
James,Wilson,399,Chebucto Lane,Chatham-Kent,Nunavut,V8C 0S2,Canada,621142010,James@part.com,2018/5/25
William,Moore,265,Ashdale Avenue,Moncton,Alberta,H9S 1R4,Canada,1030480455,William@mother.com,2018/5/25
Mason,Jones,457,Caitland Court,Niagara Falls,Nova Scotia,E4S 3C4,Canada,903283294,Mason@system.com,2018/5/25
William,Wilson,462,Alm-a Ramp,Aurora,New Brunswick,T1L 2H8,Canada,1180753782,William@book.com,2018/5/25
Mason,Anderson,251,Centre Gate,Brossard,Quebec,L3V 1Y8,Canada,293804618,Mason@state.com,2018/5/25
Mason,Williams,313,Chisholm Avenue,Brampton,New Brunswick,"L4A 0T3 ",Canada,119502124,Mason@system.com,2018/5/25
Alexander,Miller,63,Briar Lane,Saint John,Manitoba,G0H 2P3,Canada,1095410791,Alexander@company.com,2018/5/25
Mason,Anderson,467,Burns Drive,Windsor,Nova Scotia,E7E 3T7,Canada,1339365860,Mason@family.com,2018/5/25
Jacob,Jones,221,Chain Lake Drive,Vancouver,Alberta,N8A 0B3,Canada,622620611,Jacob@number.com,2018/5/25
Jacob,Thomas,60,Chipstone Close,Airdrie,Northwest Territories,N5C 2J8,Canada,562305374,Jacob@school.com,2018/5/25
William,Anderson,409,Bedford Highway Ramp,Sault Ste. Marie,Quebec,"L4A 0T3 ",Canada,443330146,William@country.com,2018/5/25
William,Thomas,289,Chelton Woods Lane,Sault Ste. Marie,Manitoba,N5C 2J8,Canada,1162488257,William@time.com,2018/5/25
Ethan,Davis,467,Chebucto Road,Oshawa,Alberta,"V1K 1V0 ",Canada,1019242312,Ethan@state.com,2018/5/25
Alexander,Moore,54,Brodick Lane,Langley,Prince Edward Island,H9S 1R4,Canada,1267127470,Alexander@study.com,2018/5/25
Jacob,Jones,439,Chocolate Lake Road,Aurora,Alberta,L4A 0T0,Canada,387913362,Jacob@woman.com,2018/5/25
Ethan,Davis,98,Altavista Lane,Niagara Falls,Nova Scotia,N4N 0B9,Canada,1384548718,Ethan@number.com,2018/5/25
James,Johnson,85,Ashburn Avenue,Aurora,Prince Edward Island,E4S 3C4,Canada,322517892,James@state.com,2018/5/25
Alexander,Jackson,357,Armstrong Court,Victoria,Alberta,J0N 0Z3,Canada,573998526,Alexander@book.com,2018/5/25
William,Williams,261,Albert Place,Brantford,Nunavut,H0H 3C9,Canada,1234820612,William@book.com,2018/5/25
William,Wilson,12,Chadwick Place,Laval,Quebec,G3E 2K4,Canada,1372892553,William@people.com,2018/5/25
Liam,Wilson,400,Burns Drive,Granby,Northwest Territories,G6X 2L1,Canada,220698503,Liam@mother.com,2018/5/25
Jacob,Jackson,186,Belle Aire Terrace,Brampton,Prince Edward Island,T1L 2H8,Canada,781239628,Jacob@night.com,2018/5/25
William,Williams,341,Briar Place,Red Deer,Quebec,H9S 1R4,Canada,360862629,William@night.com,2018/5/25
Mason,Williams,259,Aikenhead Road,Newmarket,Northwest Territories,B3V 2V1,Canada,1147995633,Mason@group.com,2018/5/25
Alexander,Thomas,69,Carnation Crescent,Brossard,Newfoundland and Labrador,J0N 0Z3,Canada,823651290,Alexander@way.com,2018/5/25
James,Thomas,141,Acorn Road,Belleville,Northwest Territories,H0H 3C9,Canada,1116605148,James@part.com,2018/5/25
Mason,Jones,168,Botany Terrace,Greater Sudbury,Nunavut,G3E 2K4,Canada,1360956022,Mason@man.com,2018/5/25
William,Jones,205,Brycedale Lane,Red Deer,Nova Scotia,"V1K 1V0 ",Canada,1018185918,William@right.com,2018/5/25
James,Anderson,268,Bloomfield Street,Victoria,Prince Edward Island,L0N 3J2,Canada,285130231,James@part.com,2018/5/25
Liam,Davis,280,Balwearie Lane,Markham,Yukon,E4M 2G2,Canada,1059505211,Liam@place.com,2018/5/25
Alexander,Johnson,29,Ashton Lane,Halifax,Manitoba,J1S 0R4,Canada,839507898,Alexander@right.com,2018/5/25
Alexander,Johnson,177,Black Street,Airdrie,Nunavut,"L4A 0T3 ",Canada,891665003,Alexander@work.com,2018/5/25
Alexander,Jones,222,Albert Street,Blainville,Nova Scotia,H9S 1R4,Canada,179171197,Alexander@number.com,2018/5/25
Ethan,Jackson,453,Bayne Street,Vaughan,Nunavut,V8B 1P6,Canada,731676632,Ethan@home.com,2018/5/25
Ethan,Johnson,14,Alderwood Drive,Whitby,Nunavut,H3J 3P2,Canada,710854999,Ethan@question.com,2018/5/25
Alexander,Davis,490,Chocolate Lake Road,Prince George,Quebec,J9P 1C6,Canada,960260678,Alexander@job.com,2018/5/25
Alexander,Jackson,478,Albemarle Street,Waterloo,Northwest Territories,E5V 3X5,Canada,300405791,Alexander@question.com,2018/5/25
Mason,Taylor,57,Clearview Street,Saint-JÃ©rÃ´me,Newfoundland and Labrador,J9T 3H4,Canada,682208967,Mason@month.com,2018/5/25
James,Jackson,347,Bromley Road,Cape Breton,British Columbia,J9T 3H4,Canada,1373843625,James@thing.com,2018/5/25
Liam,Williams,185,"Alm-../../view.php?place=Alm-# Ramp, Halifax, ns, CANADA Ramp",Coquitlam,Newfoundland and Labrador,T1L 2H8,Canada,1013061961,Liam@eye.com,2018/5/25
Liam,Jones,248,Chisholm Avenue,Saanich,Nova Scotia,H3J 3P2,Canada,247299927,Liam@point.com,2018/5/25
Jacob,Wilson,314,Circle Drive,Surrey,Prince Edward Island,T1L 2H8,Canada,1368931897,Jacob@woman.com,2018/5/25
Alexander,Moore,232,Chelsea Lane,Cambridge,Nunavut,G0H 2P3,Canada,1065956942,Alexander@Mr.com,2018/5/25
Ethan,Williams,350,Aurora Avenue,Windsor,Quebec,N4N 0B9,Canada,947120028,Ethan@fact.com,2018/5/25
James,Taylor,383,Buffers Lane,Fredericton,Northwest Territories,L9R 0A0,Canada,347548676,James@story.com,2018/5/25
James,Wilson,287,Carlton Street,Langley,Yukon,T1L 2H8,Canada,317538936,James@job.com,2018/5/25
William,Johnson,169,Alm-b Ramp,Pickering,Nova Scotia,L4A 0T0,Canada,1367127535,William@money.com,2018/5/25
William,Williams,107,Braeburn Road,Grande Prairie,Nova Scotia,B3V 2V1,Canada,789699022,William@study.com,2018/5/25
Mason,Jackson,495,Adams Avenue,Oakville,Nunavut,H3J 3P2,Canada,773484483,Mason@case.com,2018/5/25
Liam,Jackson,357,Basinview Drive,Ajax,Nova Scotia,N8A 0B3,Canada,153169404,Liam@question.com,2018/5/25
Jacob,Anderson,213,Bloomingdale Terrace,Burlington,Newfoundland and Labrador,V8B 1P6,Canada,716670009,Jacob@year.com,2018/5/25
Ethan,Anderson,13,Anchor Drive,North Bay,Alberta,J1S 0R4,Canada,335802216,Ethan@country.com,2018/5/25
Liam,Taylor,280,Auburn Avenue,Sherbrooke,Yukon,J0J 3V6,Canada,221472180,Liam@family.com,2018/5/25
Liam,Taylor,422,Braeside Lane,Greater Sudbury,Nunavut,N8A 0B3,Canada,491825263,Liam@life.com,2018/5/25
Ethan,Moore,118,Chelsea Lane,Saskatoon,Saskatchewan,H0H 3C9,Canada,419780997,Ethan@man.com,2018/5/25
Liam,Brown,53,Avon Crescent,Niagara Falls,Manitoba,J1S 0R4,Canada,373782416,Liam@hand.com,2018/5/25
Ethan,Thomas,183,Bedford Row,Thunder Bay,Newfoundland and Labrador,L0N 3J2,Canada,842583323,Ethan@place.com,2018/5/25
Alexander,Miller,387,Banbury Close,Waterloo,Quebec,E7E 3T7,Canada,235015913,Alexander@child.com,2018/5/25
James,Williams,15,Balmoral Road,North Vancouver,British Columbia,G0H 2P3,Canada,1335307014,James@word.com,2018/5/25
Jacob,Davis,341,Anchor Drive,Vancouver,British Columbia,L3V 1Y8,Canada,248493922,Jacob@job.com,2018/5/25
James,Anderson,65,Alm-a Ramp,Richmond Hill,Northwest Territories,"V1K 1V0 ",Canada,1017897781,James@system.com,2018/5/25
Ethan,Miller,339,Canary Crescent,Pickering,Yukon,N8A 0B3,Canada,436268887,Ethan@story.com,2018/5/25
om,2018/5/3/
Ethan,Jones,230,Alm-c Ramp,Cape Breton,Quebec,H3J 3P2,Canada,298759141,Ethan@story.com,2018/5/3/
Mason,Jackson,272,Blowers Street,Sherbrooke,Prince Edward Island,G3E 2K4,Canada,568685499,Mason@case.com,2018/5/3/
William,Miller,234,Birchdale Avenue,St. Catharines,Quebec,J1S 0R4,Canada,1212204047,William@case.com,2018/5/3/
Liam,Williams,304,Bridget Avenue,Grande Prairie,Manitoba,N8A 0B3,Canada,1057043248,Liam@Mr.com,2018/5/3/
Alexander,Wilson,97,Berts Drive,Windsor,Alberta,"V1K 1V0 ",Canada,701974749,Alexander@world.com,2018/5/3/
Liam,Wilson,148,Birchwood Drive,Blainville,Nunavut,N8H 2H6,Canada,414608314,Liam@problem.com,2018/5/3/
Liam,Wilson,209,Bridges Street,Fredericton,Northwest Territories,K1B 3B2,Canada,183967155,Liam@system.com,2018/5/3/
Liam,Miller,118,Armoury Place,Trois-RiviÃ¨res,Northwest Territories,H9S 1R4,Canada,1201886322,Liam@world.com,2018/5/3/
Mason,Davis,473,Brunswick Street,Chilliwack,Nunavut,B2E 0X4,Canada,619642229,Mason@number.com,2018/5/3/
Jacob,Moore,447,Cabot Place,Kelowna,Northwest Territories,B2E 0X4,Canada,253592372,Jacob@world.com,2018/5/3/
Liam,Wilson,128,Berts Drive,Surrey,Newfoundland and Labrador,L0N 3J2,Canada,603107690,Liam@business.com,2018/5/3/
Alexander,Davis,23,Armstrong Court,Saint John,Alberta,L0N 3J2,Canada,673258403,Alexander@case.com,2018/5/3/
William,Jones,480,Campbell Drive,Ajax,Nova Scotia,V8C 0S2,Canada,1248827779,William@water.com,2018/5/3/
Ethan,Williams,108,Chipstone Close,Brossard,Manitoba,L4A 0T0,Canada,1070838106,Ethan@group.com,2018/5/3/
Ethan,Wilson,127,Carrington Place,Vaughan,Northwest Territories,E4S 3C4,Canada,1107969842,Ethan@work.com,2018/5/3/
Ethan,Anderson,312,Athlone Avenue,Welland,Northwest Territories,N8H 2H6,Canada,491699307,Ethan@student.com,2018/5/3/
Mason,Moore,404,Church Street,St. Albert,British Columbia,E4M 2G2,Canada,105106630,Mason@way.com,2018/5/3/
Liam,Taylor,326,Armdale Rotary,Wood Buffalo,Prince Edward Island,N5C 2J8,Canada,1342103019,Liam@program.com,2018/5/3/
William,Jackson,298,Armview Avenue,Medicine Hat,Prince Edward Island,T1L 2H8,Canada,315362007,William@year.com,2018/5/3/
William,Jones,224,Arlington Avenue,Saint-Hyacinthe,Saskatchewan,J9T 3H4,Canada,1079439735,William@company.com,2018/5/3/
James,Anderson,444,Berlin Street,Burnaby,Nunavut,J9P 1C6,Canada,710572719,James@group.com,2018/5/3/
James,Anderson,43,Bristol Place,Belleville,Newfoundland and Labrador,V8C 0S2,Canada,953040358,James@point.com,2018/5/3/
James,Anderson,184,Attenborough Court,Richmond Hill,Saskatchewan,H9S 1R4,Canada,123082794,James@night.com,2018/5/3/
Ethan,Johnson,184,Bishop Street,North Vancouver,Alberta,J1S 0R4,Canada,1140367560,Ethan@book.com,2018/5/3/
Liam,Anderson,72,Breen Avenue,Edmonton,Nova Scotia,"L4A 0T3 ",Canada,877725731,Liam@null,2018/5/3/
James,Wilson,216,Circle Drive,Kawartha Lakes,Newfoundland and Labrador,N8H 2H6,Canada,929108245,James@study.com,2018/5/3/
Mason,Johnson,350,Church Street,Welland,Manitoba,E4M 2G2,Canada,572143782,Mason@word.com,2018/5/3/
Liam,Wilson,489,Carriageway Crescent,Aurora,Nova Scotia,K1B 3B2,Canada,492902939,Liam@home.com,2018/5/3/
James,Jackson,31,Athlone Avenue,Fredericton,Saskatchewan,L4A 0T0,Canada,1007405654,James@night.com,2018/5/3/
Jacob,Johnson,2,Aikenhead Road,Kelowna,British Columbia,L3V 1Y8,Canada,848168862,Jacob@business.com,2018/5/3/
Jacob,Taylor,315,Carlton Street,Greater Sudbury,Alberta,E7E 3T7,Canada,1002134421,Jacob@Mr.com,2018/5/3/
Jacob,Anderson,395,Acorn Road,Abbotsford,Alberta,K1B 3B2,Canada,1375605389,Jacob@problem.com,2018/5/3/
Ethan,Jones,98,Clinton Avenue,Chatham-Kent,Nova Scotia,E4M 2G2,Canada,1115958845,Ethan@part.com,2018/5/3/
James,Taylor,263,Angus L Macdonald Bridge,Newmarket,Nunavut,H0H 3C9,Canada,112640127,James@country.com,2018/5/3/
nada,1084776459,Ethan@day.com,2018/5/26
Alexander,Williams,286,Chisholm Avenue,Delta,Saskatchewan,E5V 3X5,Canada,534378440,Alexander@work.com,2018/5/26
Mason,Moore,7,Alm-c Ramp,Caledon,Manitoba,N8A 0B3,Canada,435746577,Mason@word.com,2018/5/26
Alexander,Jones,100,Buddy Daye Street,Welland,Nunavut,"L4A 0T3 ",Canada,964750798,Alexander@case.com,2018/5/26
James,Jackson,113,Birch Street,Ajax,Northwest Territories,L4A 0T0,Canada,749155354,James@water.com,2018/5/26
Jacob,Moore,57,Cambridge Street,Maple Ridge,Prince Edward Island,G6X 2L1,Canada,919652226,Jacob@hand.com,2018/5/26
Liam,Jones,337,Alm-a Ramp,Strathcona County,Yukon,J1S 0R4,Canada,473174975,Liam@company.com,2018/5/26
Jacob,Moore,384,Benalder Lane,Sarnia,Nunavut,H0H 3C9,Canada,968475045,Jacob@place.com,2018/5/26
Alexander,Thomas,158,Brunswick Street,Drummondville,British Columbia,B3V 2V1,Canada,828997602,Alexander@job.com,2018/5/26
Jacob,Miller,420,Bilby Street,Pickering,Nunavut,G0H 2P3,Canada,250415602,Jacob@place.com,2018/5/26
Mason,Williams,458,Arthur Street,Brantford,Manitoba,H9S 1R4,Canada,761059561,Mason@program.com,2018/5/26
Jacob,Johnson,357,Balwearie Lane,Prince George,Northwest Territories,H0H 3C9,Canada,309206571,Jacob@room.com,2018/5/26
Alexander,Jones,402,Abbott Drive,North Vancouver,Nunavut,"V1K 1V0 ",Canada,794229536,Alexander@study.com,2018/5/26
Liam,Taylor,147,Ardwell Avenue,Delta,Nova Scotia,E4M 2G2,Canada,835653014,Liam@water.com,2018/5/26
Mason,Williams,411,Beechwood Terrace,Halton Hills,Northwest Territories,"L4A 0T3 ",Canada,1137915668,Mason@system.com,2018/5/26
Ethan,Jones,344,Castle Hill Drive,Sherbrooke,Prince Edward Island,H9S 1R4,Canada,241957074,Ethan@word.com,2018/5/26
Mason,Taylor,127,Chartwell Lane,Surrey,Alberta,L0N 3J2,Canada,1131218267,Mason@month.com,2018/5/26
Jacob,Davis,146,Briar Lane,LÃ©vis,Northwest Territories,N5C 2J8,Canada,1377563640,Jacob@question.com,2018/5/26
James,Davis,118,Bobolink Street,Moncton,Saskatchewan,E7E 3T7,Canada,538345489,James@school.com,2018/5/26
James,Thomas,80,Binney Street,Medicine Hat,Prince Edward Island,J9T 3H4,Canada,1171545585,James@state.com,2018/5/26
Mason,Brown,444,Africville Road,Drummondville,Quebec,L3V 1Y8,Canada,651539426,Mason@week.com,2018/5/26
Alexander,Brown,46,Cabot Back Lane,Moncton,Saskatchewan,"L4A 0T3 ",Canada,1230060532,Alexander@study.com,2018/5/26
Ethan,Anderson,153,Agricola Street,Windsor,Northwest Territories,G6X 2L1,Canada,554432805,Ethan@month.com,2018/5/26
James,Brown,291,Clovis Avenue,Lethbridge,Nova Scotia,N4N 0B9,Canada,481745019,James@life.com,2018/5/26
Liam,Wilson,357,Auburn Avenue,Kawartha Lakes,Manitoba,L3V 1Y8,Canada,168905139,Liam@study.com,2018/5/26
Ethan,Jones,111,Chocolate Lake Road,Medicine Hat,Alberta,G3E 2K4,Canada,376441373,Ethan@problem.com,2018/5/26
Liam,Johnson,371,Bower Road,Abbotsford,Saskatchewan,G3H 0B4,Canada,745416254,Liam@hand.com,2018/5/26
William,Jones,496,Church Street,Prince George,Nova Scotia,L3V 1Y8,Canada,257262438,William@system.com,2018/5/26
Alexander,Johnson,322,Chester Avenue,North Bay,British Columbia,E5V 3X5,Canada,808304958,Alexander@student.com,2018/5/26
Liam,Brown,340,Beaufort Avenue,Mirabel,Alberta,E7E 3T7,Canada,368533253,Liam@thing.com,2018/5/26
Ethan,Jackson,272,Beaufort Avenue,Sherbrooke,Newfoundland and Labrador,H0H 3C9,Canada,253447701,Ethan@system.com,2018/5/26
Ethan,Moore,193,Armoury Place,Mirabel,Northwest Territories,E7E 3T7,Canada,142689725,Ethan@story.com,2018/5/26
Alexander,Wilson,364,Benalder Lane,North Bay,Manitoba,"L4A 0T3 ",Canada,986547496,Alexander@point.com,2018/5/26
William,Moore,140,Arlington Avenue,London,Manitoba,"V1K 1V0 ",Canada,157054120,William@woman.com,2018/5/26
James,Davis,98,Armview Terrace,Belleville,Nunavut,G3E 2K4,Canada,1217843000,James@year.com,2018/5/26
William,Jackson,36,Castine Way,Saint John,Quebec,L9R 0A0,Canada,639047546,William@hand.com,2018/5/26
William,Taylor,480,Bridgeview Drive,Pickering,Yukon,G0H 2P3,Canada,1384737842,William@business.com,2018/5/26
Alexander,Jones,204,Bonaventure Drive,Port Coquitlam,Prince Edward Island,H0H 3C9,Canada,998095241,Alexander@case.com,2018/5/26
James,Wilson,97,Bedford Highway,Grande Prairie,Prince Edward Island,"L4A 0T3 ",Canada,734735725,James@number.com,2018/5/26
Alexander,Miller,158,Admirals Way,Sherbrooke,Newfoundland and Labrador,K1B 3B2,Canada,1135580072,Alexander@study.com,2018/5/26
Mason,Wilson,74,Chartwell Lane,Nanaimo,Prince Edward Island,K1B 3B2,Canada,177087655,Mason@null,2018/5/26
William,Thomas,204,Armview Terrace,Saint-Jean-sur-Richelieu,Quebec,H0H 3C9,Canada,1260956576,William@world.com,2018/5/26
Ethan,Moore,315,Canterbury Close,Red Deer,Prince Edward Island,G3H 0B4,Canada,960536623,Ethan@life.com,2018/5/26
Alexander,Anderson,336,Brigadier Court,Kitchener,New Brunswick,N8H 2H6,Canada,585598749,Alexander@problem.com,2018/5/26
Mason,Brown,344,Bedford Highway Ramp,Abbotsford,Nunavut,G3E 2K4,Canada,664829502,Mason@way.com,2018/5/26
Liam,Brown,477,Birchview Drive,Strathcona County,Prince Edward Island,V8C 0S2,Canada,1404286439,Liam@day.com,2018/5/26
Ethan,Brown,450,Bedford Highway,Fredericton,Prince Edward Island,E4M 2G2,Canada,1384355625,Ethan@work.com,2018/5/26
Ethan,Johnson,374,Chisholm Avenue,Pickering,Quebec,K1B 3B2,Canada,216623368,Ethan@money.com,2018/5/26
Jacob,Miller,174,Bedford Row,Coquitlam,Saskatchewan,V8C 0S2,Canada,470652671,Jacob@case.com,2018/5/26
Liam,Anderson,307,Armdale Rotary,Richmond,Quebec,G3E 2K4,Canada,629047341,Liam@government.com,2018/5/26
Alexander,Jackson,469,Birchview Drive,Victoria,Alberta,N5C 2J8,Canada,300273042,Alexander@problem.com,2018/5/26
Mason,Thomas,355,Bronson Avenue,Mississauga,Prince Edward Island,V8C 0S2,Canada,574301820,Mason@case.com,2018/5/26
James,Anderson,397,Annandale Street,LÃ©vis,British Columbia,"B0T 0Y5 ",Canada,793655505,James@place.com,2018/5/26
James,Davis,71,Castlepark Grove,Welland,Prince Edward Island,H0H 3C9,Canada,521306722,James@month.com,2018/5/26
Ethan,Davis,75,Bauer Street,Saanich,Prince Edward Island,L0N 3J2,Canada,941180393,Ethan@country.com,2018/5/26
James,Williams,360,Bell Road,Clarington,Nunavut,H3J 3P2,Canada,254301533,James@night.com,2018/5/26
William,Brown,396,Aurora Avenue,Chatham-Kent,Newfoundland and Labrador,E7E 3T7,Canada,1016529921,William@fact.com,2018/5/26
Liam,Wilson,268,Banbury Close,Sherbrooke,Saskatchewan,L3V 1Y8,Canada,595340230,Liam@place.com,2018/5/26
Alexander,Taylor,434,Albion Road,Laval,Northwest Territories,N4N 0B9,Canada,1388220045,Alexander@word.com,2018/5/26
William,Jackson,38,Buddy Daye Street,Niagara Falls,Prince Edward Island,N5C 2J8,Canada,757442847,William@day.com,2018/5/26
Alexander,Johnson,222,Castlepark Grove,St. Catharines,Nova Scotia,N8H 2H6,Canada,716359231,Alexander@number.com,2018/5/26
James,Taylor,70,Benalder Lane,Brantford,Prince Edward Island,E7E 3T7,Canada,693896211,James@part.com,2018/5/26
Mason,Davis,132,Chester Avenue,Trois-RiviÃ¨res,Nova Scotia,J0J 3V6,Canada,173173910,Mason@business.com,2018/5/26
Mason,Jackson,420,Arthur Street,Red Deer,Northwest Territories,V8B 1P6,Canada,481111073,Mason@week.com,2018/5/26
Jacob,Wilson,434,Cambridge Street,Guelph,Alberta,N5C 2J8,Canada,870390812,Jacob@book.com,2018/5/26
Jacob,Williams,52,Brenton Street,Caledon,Nunavut,N8H 2H6,Canada,917133886,Jacob@Mr.com,2018/5/26
Jacob,Johnson,422,Bliss Street,Mississauga,Manitoba,E7E 3T7,Canada,1226067425,Jacob@null,2018/5/26
Jacob,Williams,362,Blue Thistle Road,Richmond,Prince Edward Island,J9P 1C6,Canada,708514735,Jacob@government.com,2018/5/26
Jacob,Jackson,421,Bald Eagle Place,Windsor,Nunavut,N4N 0B9,Canada,272010816,Jacob@system.com,2018/5/26
Alexander,Moore,233,Ashburn Avenue,Sault Ste. Marie,Saskatchewan,G3E 2K4,Canada,753180538,Alexander@system.com,2018/5/26
Jacob,Davis,159,Bilton Lane,Saint John,British Columbia,V8B 1P6,Canada,403069860,Jacob@world.com,2018/5/26
Ethan,Davis,12,Bedford Row,Port Coquitlam,Northwest Territories,G3E 2K4,Canada,348671937,Ethan@country.com,2018/5/26
Jacob,Wilson,364,Balwearie Lane,St. Catharines,Alberta,B3V 2V1,Canada,533154595,Jacob@water.com,2018/5/26
Mason,Anderson,273,Cherry Street,Brantford,Newfoundland and Labrador,"V1K 1V0 ",Canada,1163863857,Mason@problem.com,2018/5/26
Alexander,Williams,252,Cascade Drive,Abbotsford,Nunavut,E4S 3C4,Canada,309292812,Alexander@problem.com,2018/5/26
Jacob,Jackson,14,Brussels Street,Barrie,Nova Scotia,J0N 0Z3,Canada,1296625590,Jacob@word.com,2018/5/26
Mason,Jackson,327,Barclay Avenue,Windsor,Nunavut,E4S 3C4,Canada,1198393972,Mason@week.com,2018/5/26
James,Moore,424,Bluestone Road,Ajax,Prince Edward Island,T1L 2H8,Canada,375651294,James@man.com,2018/5/26
Mason,Jackson,270,Canary Crescent,Sherbrooke,Alberta,G6X 2L1,Canada,879524247,Mason@group.com,2018/5/26
Ethan,Miller,388,Belmont Road,Welland,Newfoundland and Labrador,B3V 2V1,Canada,1125100705,Ethan@government.com,2018/5/26
Alexander,Jones,93,Breen Avenue,Brossard,Prince Edward Island,N8H 2H6,Canada,787467027,Alexander@money.com,2018/5/26
James,Brown,310,Chadwick Place,Drummondville,Quebec,"V1K 1V0 ",Canada,1214917617,James@study.com,2018/5/26
Liam,Miller,475,Allan Street,Pickering,Yukon,E4M 2G2,Canada,1121108299,Liam@fact.com,2018/5/26
Mason,Jones,29,Briarwood Crescent,Norfolk County,Prince Edward Island,"L4A 0T3 ",Canada,238543418,Mason@business.com,2018/5/26
James,Jones,430,Black Street,Halifax,Saskatchewan,H0H 3C9,Canada,718593050,James@question.com,2018/5/26
Mason,Jones,128,Clearview Street,Oshawa,Manitoba,V8B 1P6,Canada,496667941,Mason@woman.com,2018/5/26
Jacob,Johnson,99,Balcomes Drive,New Westminster,Alberta,H0H 3C9,Canada,656495056,Jacob@student.com,2018/5/26
William,Brown,490,Bonaventure Drive,New Westminster,Alberta,V8B 1P6,Canada,507514578,William@money.com,2018/5/26
Liam,Miller,455,Burns Drive,Regina,Alberta,L4A 0T0,Canada,1261015534,Liam@job.com,2018/5/26
Ethan,Anderson,343,Bridgeview Drive,Markham,Prince Edward Island,B3V 2V1,Canada,751044932,Ethan@month.com,2018/5/26
Alexander,Wilson,31,Binney Street,Pickering,Alberta,"B0T 0Y5 ",Canada,703494317,Alexander@program.com,2018/5/26
Jacob,Taylor,416,Carrington Place,Richmond Hill,Manitoba,G6X 2L1,Canada,1051490382,Jacob@problem.com,2018/5/26
Liam,Anderson,86,Abercrombie Lane,St. John's,Saskatchewan,E5V 3X5,Canada,374116568,Liam@part.com,2018/5/26
James,Thomas,91,Armshore Drive,Quebec City,Prince Edward Island,T1L 2H8,Canada,122191893,James@lot.com,2018/5/26
Mason,Moore,313,Annandale Street,Grande Prairie,Northwest Territories,H0H 3C9,Canada,550782901,Mason@government.com,2018/5/26
William,Johnson,241,Cascade Drive,Oshawa,British Columbia,E7E 3T7,Canada,1221670833,William@week.com,2018/5/26
Ethan,Thomas,11,Breen Avenue,Maple Ridge,Prince Edward Island,J0J 3V6,Canada,297832121,Ethan@child.com,2018/5/26
80,Bayview Road,Laval,Prince Edward Island,J0J 3V6,Canada,398127776,James@thing.com,2018/12/1
Ethan,Williams,138,Breen Avenue,Quebec City,Manitoba,E4S 3C4,Canada,554397731,Ethan@point.com,2018/12/1
James,Moore,52,Clifton Street,Surrey,British Columbia,J0J 3V6,Canada,1084634608,James@fact.com,2018/12/1
Ethan,Anderson,372,Berts Drive,St. John's,Quebec,J9P 1C6,Canada,1339460727,Ethan@right.com,2018/12/1
Alexander,Williams,155,Charlton Avenue,Caledon,Alberta,E7E 3T7,Canada,505449108,Alexander@work.com,2018/12/1
Alexander,Jones,242,Clayton Park Drive,Red Deer,Prince Edward Island,G3E 2K4,Canada,1019707911,Alexander@work.com,2018/12/1
Jacob,Williams,488,Berkshire Close,Oakville,Nova Scotia,N8H 2H6,Canada,1061854674,Jacob@program.com,2018/12/1
Alexander,Williams,41,Berkshire Close,Niagara Falls,Saskatchewan,E4M 2G2,Canada,404033426,Alexander@book.com,2018/12/1
Jacob,Johnson,492,Bosun Run,North Vancouver,Nunavut,J0J 3V6,Canada,365492261,Jacob@work.com,2018/12/1
Alexander,Wilson,427,Blink Bonnie Terrace,Surrey,Manitoba,E4M 2G2,Canada,1171940438,Alexander@part.com,2018/12/1
Ethan,Thomas,31,Belmont Road,Mississauga,Nunavut,L0N 3J2,Canada,345844257,Ethan@eye.com,2018/12/1
James,Brown,67,Alm-d Ramp,Saskatoon,Nova Scotia,N4N 0B9,Canada,482361214,James@mother.com,2018/12/1
Ethan,Jones,332,Bedros Lane,Saint-Jean-sur-Richelieu,Nova Scotia,V8B 1P6,Canada,833513273,Ethan@government.com,2018/12/1
Ethan,Thomas,186,Cartaret Street,Blainville,British Columbia,G0H 2P3,Canada,649088153,Ethan@study.com,2018/12/1
James,Brown,142,Belle Aire Terrace,Vancouver,New Brunswick,V8C 0S2,Canada,744057295,James@country.com,2018/12/1
Mason,Jones,191,Belmont Road,Moncton,Nunavut,B2E 0X4,Canada,417773661,Mason@business.com,2018/12/1
Mason,Miller,238,Birchfield Crescent,Laval,Alberta,B2E 0X4,Canada,597134022,Mason@man.com,2018/12/1
Mason,Johnson,221,Brenton Street,Clarington,Prince Edward Island,L0N 3J2,Canada,289933974,Mason@day.com,2018/12/1
Jacob,Moore,138,Bellevue Avenue,Longueuil,Northwest Territories,N8A 0B3,Canada,1250753185,Jacob@number.com,2018/12/1
Mason,Jones,365,Argyle Street,Chilliwack,Alberta,G0H 2P3,Canada,1352167786,Mason@government.com,2018/12/1
Alexander,Thomas,404,Auburn Avenue,Winnipeg,Newfoundland and Labrador,V8C 0S2,Canada,1111273483,Alexander@day.com,2018/12/1
Lane,Saguenay,Nova Scotia,G3H 0B4,Canada,1333317571,James@place.com,2018/12/7
Ethan,Taylor,75,Birches Drive,Lethbridge,British Columbia,J1S 0R4,Canada,445710029,Ethan@story.com,2018/12/7
Jacob,Moore,196,Albert Street,Waterloo,Manitoba,L3V 1Y8,Canada,1140772748,Jacob@thing.com,2018/12/7
James,Brown,346,Carnation Crescent,Grande Prairie,Prince Edward Island,L3V 1Y8,Canada,963650075,James@work.com,2018/12/7
Liam,Brown,54,Aldergrove Drive,Airdrie,Manitoba,E7E 3T7,Canada,375974318,Liam@part.com,2018/12/7
Ethan,Brown,79,Brodick Lane,Red Deer,Prince Edward Island,G6X 2L1,Canada,487328518,Ethan@right.com,2018/12/7
Alexander,Miller,307,Birch Cove Lane,St. Catharines,Prince Edward Island,"B0T 0Y5 ",Canada,836883469,Alexander@woman.com,2018/12/7
Jacob,Moore,262,Ash Lake Court,Burnaby,Nova Scotia,J9P 1C6,Canada,582994293,Jacob@Mr.com,2018/12/7
Jacob,Moore,461,Amberwood Court,Saint-Jean-sur-Richelieu,Prince Edward Island,H0H 3C9,Canada,102302445,Jacob@group.com,2018/12/7
William,Miller,99,Carrington Place,Saint-Jean-sur-Richelieu,Newfoundland and Labrador,"V1K 1V0 ",Canada,597341837,William@woman.com,2018/12/7
Alexander,Wilson,325,Castlepark Grove,Kawartha Lakes,British Columbia,H9S 1R4,Canada,188778142,Alexander@home.com,2018/12/7
James,Thomas,462,Beaufort Avenue,Caledon,Northwest Territories,G6X 2L1,Canada,675747604,James@word.com,2018/12/7
Ethan,Jackson,40,Armcrescent West Avenue,Guelph,Yukon,B2E 0X4,Canada,121899293,Ethan@room.com,2018/12/7
James,Williams,271,Belmont Road,Aurora,Manitoba,N8H 2H6,Canada,1342787185,James@system.com,2018/12/7
Jacob,Wilson,164,Balwearie Lane,Chatham-Kent,Prince Edward Island,N5C 2J8,Canada,627924772,Jacob@system.com,2018/12/7
Mason,Brown,275,Braeside Lane,Welland,Northwest Territories,N5C 2J8,Canada,794394463,Mason@number.com,2018/12/7
Liam,Wilson,61,Chester Avenue,Regina,New Brunswick,E7E 3T7,Canada,200580906,Liam@program.com,2018/12/7
Liam,Wilson,127,Artillery Place,Repentigny,Nunavut,B3V 2V1,Canada,164430068,Liam@state.com,2018/12/7
Ethan,Williams,364,Charlotte Lane,Gatineau,Nunavut,N8A 0B3,Canada,745217274,Ethan@money.com,2018/12/7
Jacob,Moore,464,Camelot Lane,Hamilton,Nunavut,J0N 0Z3,Canada,631799132,Jacob@work.com,2018/12/7
Mason,Anderson,186,Bedford Highway,Belleville,Northwest Territories,E5V 3X5,Canada,225091617,Mason@question.com,2018/12/7
Ethan,Taylor,113,Carlina Court,Cape Breton,Manitoba,L0N 3J2,Canada,1383745399,Ethan@number.com,2018/12/7
Mason,Jones,65,Cascade Drive,Halifax,Newfoundland and Labrador,G3E 2K4,Canada,503887337,Mason@point.com,2018/12/7
Sherbrooke,Nunavut,J0J 3V6,Canada,1245591990,Ethan@family.com,2018/4/27
William,Moore,160,Barclay Avenue,Kawartha Lakes,Yukon,H3J 3P2,Canada,777740562,William@family.com,2018/4/27
Ethan,Taylor,462,Alm-a Ramp,Airdrie,Nunavut,G3E 2K4,Canada,1308837544,Ethan@story.com,2018/4/27
Ethan,Wilson,223,Birchview Drive,Saint-Jean-sur-Richelieu,Prince Edward Island,B2E 0X4,Canada,101812222,Ethan@day.com,2018/4/27
Ethan,Jackson,152,Bristol Place,Peterborough,Newfoundland and Labrador,K1B 3B2,Canada,121984223,Ethan@night.com,2018/4/27
Liam,Jackson,447,Beechwood Terrace,Regina,Northwest Territories,J0N 0Z3,Canada,1162932330,Liam@fact.com,2018/4/27
Ethan,Brown,150,Brighton Avenue,Delta,British Columbia,B2E 0X4,Canada,1395585607,Ethan@money.com,2018/4/27
Ethan,Thomas,467,Brook Street,Burnaby,British Columbia,T1L 2H8,Canada,957092641,Ethan@point.com,2018/4/27
William,Wilson,457,Clayder Lane,Brampton,Saskatchewan,L3V 1Y8,Canada,438288201,William@system.com,2018/4/27
Ethan,Williams,298,Abrams Way,Winnipeg,Saskatchewan,J0J 3V6,Canada,1274987036,Ethan@part.com,2018/4/27
Jacob,Taylor,253,Aukland Place,St. Catharines,Alberta,E5V 3X5,Canada,1047296651,Jacob@life.com,2018/4/27
Alexander,Williams,488,Carroll Lane,Calgary,Prince Edward Island,L9R 0A0,Canada,356901366,Alexander@place.com,2018/4/27
Mason,Anderson,210,Artillery Place,Saint John,Manitoba,G6X 2L1,Canada,1301555604,Mason@water.com,2018/4/27
William,Thomas,324,Canterbury Close,Terrebonne,Nunavut,J9P 1C6,Canada,1184536826,William@world.com,2018/4/27
Jacob,Moore,187,Cairnwell Close,Fredericton,Newfoundland and Labrador,J0N 0Z3,Canada,1396067939,Jacob@student.com,2018/4/27
James,Wilson,312,Albert Street,Vancouver,Northwest Territories,L9R 0A0,Canada,1057237984,James@school.com,2018/4/27
