Siva,Sarath,0,Mumford Terminal,Halifax,NS,Canada,11006
Siva,Chandran,4,Quinpool Road,Toronto,ON,Canada,11003
Santz,Gowtham,3,Quinpool Road,Halifax,ON,Canada,11004
Guna,Siva,1,Quinpool Road,Toronto,NS,Canada,11005
Guna,Siva,6,Inglis Street,Halifax,NS,Canada,11003
Guna,Guna,2,Barrington Road,Toronto,QC,Canada,11007
Santz,Chandran,2,Quinpool Road,Toronto,ON,Canada,11002
Guna,Sarath,3,Barrington Road,Montreal,QC,Canada,11002
Siva,Chandran,0,Mumford Terminal,Ottawa,ON,Canada,11007
Siva,Sarath,6,Mumford Terminal,Montreal,NS,Canada,11009
Mani,Siva,2,Mumford Terminal,Halifax,NS,Canada,11006
Santz,Siva,1,Barrington Road,Ottawa,NS,Canada,11005
Mani,Sarath,6,Barrington Road,Toronto,ON,Canada,11007
Guna,Siva,0,Mumford Terminal,Montreal,QC,Canada,11003
Santz,Chandran,3,Barrington Road,Toronto,NS,Canada,11008
Mani,Chandran,0,Quinpool Road,Montreal,ON,Canada,11008
Guna,Gowtham,3,Mumford Terminal,Halifax,QC,Canada,11008
Guna,Chandran,3,Mumford Terminal,Toronto,NS,Canada,11008
Santz,Chandran,0,Barrington Road,Toronto,QC,Canada,11002
Siva,Gowtham,5,Inglis Street,Montreal,ON,Canada,11005
